,Image_Name,Race,Gender,Race_Score_Goal,Race_Scores,Gender_Scores,Fidelity_Score,Total_Fidelity
0,000001_0_black.jpg,Black,1,0.818,[0.818 0.009 0.159 0.    0.    0.    0.013],[0. 1.],0.9850891893413828,0.9850891893413828
1,000001_1_indian.jpg,Indian,1,0.806,[0.006 0.806 0.171 0.007 0.    0.    0.009],[0.003 0.997],0.9944352648320685,0.9944352648320685
2,000001_2_latino.jpg,Latino,1,0.747,[0.015 0.01  0.747 0.008 0.001 0.    0.219],[0. 1.],0.9683322415151256,0.9683322415151256
3,000001_3_middle eastern.jpg,Latino,1,0.03,[0.005 0.013 0.587 0.03  0.    0.    0.365],[0. 1.],0.9884644483369052,0.9884644483369052
4,000001_4_southeast asian.jpg,Latino,1,0.138,[0.011 0.023 0.747 0.001 0.138 0.021 0.058],[0. 1.],0.978186831799816,0.978186831799816
5,000001_5_east asian.jpg,Latino,1,0.06,[0.003 0.009 0.626 0.002 0.186 0.06  0.115],[0. 1.],0.979764223407538,0.979764223407538
6,000001_6_white.jpg,White,1,0.87,[0.001 0.    0.121 0.007 0.    0.    0.87 ],[0. 1.],0.9772839156383142,0.9772839156383142
7,000002_0_black.jpg,Black,1,1.0,[1. 0. 0. 0. 0. 0. 0.],[0.003 0.997],0.7404164387702126,0.7404164387702126
8,000002_1_indian.jpg,Indian,1,0.975,[0.022 0.975 0.001 0.    0.001 0.    0.   ],[0.147 0.853],0.8895762910721787,0.8895762910721787
9,000002_2_latino.jpg,Indian,1,0.275,[0.264 0.419 0.275 0.011 0.017 0.001 0.013],[0.011 0.989],0.7799727478889722,0.7799727478889722
10,000002_3_middle eastern.jpg,Indian,0,0.243,[0.022 0.378 0.265 0.243 0.021 0.002 0.068],[0.992 0.008],0.7163473674324552,0.7163473674324552
11,000002_4_southeast asian.jpg,Southeast Asian,1,0.898,[0.    0.    0.001 0.    0.898 0.1   0.   ],[0.004 0.996],0.7043802994118886,0.7043802994118886
12,000002_5_east asian.jpg,East Asian,1,0.76,[0.   0.   0.   0.   0.24 0.76 0.  ],[0.001 0.999],0.6305071143291445,0.6305071143291445
13,000002_6_white.jpg,White,1,0.997,[0.    0.    0.001 0.002 0.    0.    0.997],[0.02 0.98],0.8387157028019818,0.8387157028019818
14,000003_0_black.jpg,Black,1,0.732,[0.732 0.116 0.124 0.014 0.008 0.003 0.004],[0.44 0.56],0.3177578444995235,0.3177578444995235
15,000003_1_indian.jpg,Indian,1,0.857,[0.014 0.857 0.06  0.057 0.    0.    0.011],[0.039 0.961],0.4406603917801499,0.4406603917801499
16,000003_2_latino.jpg,Latino,1,0.405,[0.002 0.135 0.405 0.28  0.001 0.    0.176],[0.131 0.869],0.3709202795106792,0.3709202795106792
17,000003_3_middle eastern.jpg,Middle Eastern,1,0.496,[0.005 0.193 0.238 0.496 0.    0.    0.068],[0.235 0.765],0.4082726285338014,0.4082726285338014
18,000003_4_southeast asian.jpg,East Asian,1,0.27,[0.002 0.    0.014 0.002 0.27  0.709 0.002],[0.481 0.519],0.4183676763179225,0.4183676763179225
19,000003_5_east asian.jpg,East Asian,1,0.92,[0.    0.    0.003 0.    0.076 0.92  0.001],[0.317 0.683],0.3074597981170901,0.3074597981170901
20,000003_6_white.jpg,White,1,0.921,[0.    0.001 0.005 0.073 0.    0.    0.921],[0.132 0.868],0.3238485260814823,0.3238485260814823
21,000004_0_black.jpg,Black,1,0.872,[0.872 0.071 0.052 0.    0.002 0.    0.002],[0.001 0.999],0.2760964464698958,0.2760964464698958
22,000004_1_indian.jpg,Indian,1,0.606,[0.003 0.606 0.318 0.003 0.056 0.005 0.01 ],[0.001 0.999],0.6199878561234233,0.6199878561234233
23,000004_2_latino.jpg,Latino,1,0.782,[0.008 0.053 0.782 0.015 0.013 0.003 0.127],[0. 1.],0.3363253470800571,0.3363253470800571
24,000004_3_middle eastern.jpg,Latino,1,0.032,[0.001 0.028 0.717 0.032 0.015 0.007 0.199],[0.001 0.999],0.3838283562370566,0.3838283562370566
25,000004_4_southeast asian.jpg,East Asian,1,0.205,[0.    0.001 0.006 0.    0.205 0.786 0.002],[0.001 0.999],0.3519003580343298,0.3519003580343298
26,000004_5_east asian.jpg,East Asian,1,0.888,[0.    0.    0.001 0.    0.11  0.888 0.001],[0. 1.],0.1848203521248153,0.1848203521248153
27,000004_6_white.jpg,White,1,0.956,[0.    0.    0.028 0.01  0.002 0.003 0.956],[0.001 0.999],0.3153609933196095,0.3153609933196095
28,000005_0_black.jpg,Black,0,0.921,[0.921 0.013 0.031 0.011 0.003 0.001 0.019],[0.697 0.303],0.7849828580932805,0.7849828580932805
29,000005_1_indian.jpg,Middle Eastern,0,0.386,[0.003 0.386 0.019 0.589 0.    0.    0.003],[0.989 0.011],0.8976617428289293,0.8976617428289293
30,000005_2_latino.jpg,Middle Eastern,1,0.167,[0.03  0.107 0.167 0.487 0.009 0.004 0.197],[0.193 0.807],0.7075505060065705,0.7075505060065705
31,000005_3_middle eastern.jpg,Middle Eastern,0,0.819,[0.002 0.06  0.065 0.819 0.001 0.    0.053],[0.867 0.133],0.8518927357501751,0.8518927357501751
32,000005_4_southeast asian.jpg,Southeast Asian,0,0.435,[0.003 0.019 0.086 0.007 0.435 0.433 0.017],[0.943 0.057],0.8300837753665484,0.8300837753665484
33,000005_5_east asian.jpg,East Asian,0,0.885,[0.    0.002 0.008 0.002 0.097 0.885 0.005],[0.697 0.303],0.8147046013374444,0.8147046013374444
34,000005_6_white.jpg,White,1,0.98,[0.    0.001 0.002 0.017 0.    0.    0.98 ],[0.085 0.915],0.735408516381471,0.735408516381471
35,000006_0_black.jpg,Black,1,0.922,[0.922 0.022 0.042 0.    0.    0.    0.013],[0. 1.],0.9441915566903852,0.9441915566903852
36,000006_1_indian.jpg,Indian,1,0.966,[0.002 0.966 0.026 0.002 0.    0.    0.005],[0. 1.],0.9566393937852524,0.9566393937852524
37,000006_2_latino.jpg,Indian,1,0.336,[0.01  0.439 0.336 0.013 0.002 0.    0.199],[0. 1.],0.8925597069532862,0.8925597069532862
38,000006_3_middle eastern.jpg,Indian,1,0.021,[0.003 0.536 0.221 0.021 0.001 0.    0.217],[0.001 0.999],0.9162269736769262,0.9162269736769262
39,000006_4_southeast asian.jpg,Latino,1,0.236,[0.004 0.255 0.302 0.003 0.236 0.029 0.17 ],[0. 1.],0.7599835937038582,0.7599835937038582
40,000006_5_east asian.jpg,Southeast Asian,1,0.204,[0.001 0.01  0.117 0.002 0.477 0.204 0.189],[0. 1.],0.7456178166029035,0.7456178166029035
41,000006_6_white.jpg,Indian,1,0.043,[0.212 0.628 0.114 0.002 0.001 0.    0.043],[0. 1.],0.9441698916600618,0.9441698916600618
42,000007_0_black.jpg,Black,0,0.931,[0.931 0.037 0.029 0.001 0.001 0.    0.002],[1. 0.],0.829884458279069,0.829884458279069
43,000007_1_indian.jpg,Indian,0,0.976,[0.    0.976 0.023 0.001 0.    0.    0.   ],[1. 0.],0.856006185480858,0.856006185480858
44,000007_2_latino.jpg,Latino,0,0.677,[0.002 0.263 0.677 0.037 0.002 0.    0.019],[1. 0.],0.8593716247481407,0.8593716247481407
45,000007_3_middle eastern.jpg,Latino,0,0.273,[0.001 0.236 0.453 0.273 0.001 0.    0.037],[1. 0.],0.8197684026690082,0.8197684026690082
46,000007_4_southeast asian.jpg,Southeast Asian,0,0.757,[0.    0.01  0.035 0.    0.757 0.197 0.001],[1. 0.],0.7821183609931004,0.7821183609931004
47,000007_5_east asian.jpg,East Asian,0,0.594,[0.    0.002 0.014 0.    0.389 0.594 0.001],[1. 0.],0.79683587563085,0.79683587563085
48,000007_6_white.jpg,Indian,0,0.009,[0.166 0.434 0.375 0.014 0.003 0.    0.009],[1. 0.],0.9169957731877744,0.9169957731877744
49,000008_0_black.jpg,Black,0,0.523,[0.523 0.082 0.348 0.013 0.03  0.002 0.002],[1. 0.],0.4788546135434117,0.4788546135434117
50,000008_1_indian.jpg,Indian,0,0.996,[0.    0.996 0.003 0.001 0.    0.    0.   ],[1. 0.],0.760469583019366,0.760469583019366
51,000008_2_latino.jpg,Latino,0,0.769,[0.005 0.195 0.769 0.019 0.008 0.001 0.004],[1. 0.],0.5407207721262657,0.5407207721262657
52,000008_3_middle eastern.jpg,Latino,0,0.326,[0.003 0.145 0.499 0.326 0.001 0.    0.027],[1. 0.],0.7114677286838058,0.7114677286838058
53,000008_4_southeast asian.jpg,Southeast Asian,0,0.915,[0.002 0.002 0.012 0.    0.915 0.069 0.   ],[1. 0.],0.5684477209110668,0.5684477209110668
54,000008_5_east asian.jpg,Southeast Asian,0,0.398,[0.    0.    0.012 0.    0.588 0.398 0.   ],[1. 0.],0.5188875825437016,0.5188875825437016
55,000008_6_white.jpg,Latino,0,0.313,[0.001 0.008 0.478 0.194 0.004 0.002 0.313],[1. 0.],0.4793107630278495,0.4793107630278495
56,000009_0_black.jpg,Black,1,0.992,[0.992 0.    0.007 0.    0.    0.    0.001],[0. 1.],0.7122867800344865,0.7122867800344865
57,000009_1_indian.jpg,Indian,1,0.999,[0.    0.999 0.    0.    0.    0.    0.   ],[0. 1.],0.6794539453526893,0.6794539453526893
58,000009_2_latino.jpg,White,1,0.332,[0.001 0.01  0.332 0.029 0.056 0.05  0.522],[0. 1.],0.7337101088351523,0.7337101088351523
59,000009_3_middle eastern.jpg,White,1,0.115,[0.    0.009 0.045 0.115 0.002 0.001 0.828],[0. 1.],0.8488943534923019,0.8488943534923019
60,000009_4_southeast asian.jpg,East Asian,1,0.193,[0.    0.    0.    0.    0.193 0.807 0.   ],[0. 1.],0.5817349290161689,0.5817349290161689
61,000009_5_east asian.jpg,East Asian,1,0.986,[0.    0.    0.    0.    0.013 0.986 0.   ],[0. 1.],0.5850079529081527,0.5850079529081527
62,000009_6_white.jpg,White,1,0.991,[0.    0.    0.004 0.002 0.001 0.002 0.991],[0. 1.],0.6364952834051238,0.6364952834051238
63,000010_0_black.jpg,Black,1,0.991,[0.991 0.002 0.003 0.    0.    0.    0.003],[0. 1.],0.7394337330884326,0.7394337330884326
64,000010_1_indian.jpg,Indian,1,0.933,[0.001 0.933 0.049 0.009 0.001 0.    0.006],[0. 1.],0.8799060287823517,0.8799060287823517
65,000010_2_latino.jpg,White,1,0.327,[0.003 0.091 0.327 0.018 0.004 0.    0.556],[0. 1.],0.8741316887558026,0.8741316887558026
66,000010_3_middle eastern.jpg,White,1,0.008,[0.    0.001 0.007 0.008 0.    0.    0.984],[0. 1.],0.8021034278831733,0.8021034278831733
67,000010_4_southeast asian.jpg,Southeast Asian,1,0.859,[0.    0.026 0.037 0.    0.859 0.075 0.003],[0. 1.],0.8465448173965768,0.8465448173965768
68,000010_5_east asian.jpg,Southeast Asian,1,0.301,[0.    0.007 0.042 0.    0.622 0.301 0.027],[0. 1.],0.8112116221343135,0.8112116221343135
69,000010_6_white.jpg,White,1,0.999,[0.    0.    0.    0.001 0.    0.    0.999],[0. 1.],0.8529427568423686,0.8529427568423686
70,000011_0_black.jpg,Black,1,0.999,[0.999 0.    0.    0.    0.    0.    0.   ],[0. 1.],0.3941124592304168,0.3941124592304168
71,000011_1_indian.jpg,Middle Eastern,1,0.373,[0.002 0.373 0.023 0.596 0.001 0.    0.006],[0.443 0.557],0.4284583548303635,0.4284583548303635
72,000011_2_latino.jpg,Latino,1,0.396,[0.07  0.147 0.396 0.271 0.002 0.001 0.113],[0.003 0.997],0.4247098058564857,0.4247098058564857
73,000011_3_middle eastern.jpg,Middle Eastern,1,0.915,[0.    0.005 0.014 0.915 0.    0.    0.065],[0.001 0.999],0.3642276455883606,0.3642276455883606
74,000011_4_southeast asian.jpg,East Asian,1,0.367,[0.    0.001 0.001 0.    0.367 0.63  0.   ],[0.037 0.963],0.4322231694058072,0.4322231694058072
75,000011_5_east asian.jpg,East Asian,1,0.884,[0.    0.    0.    0.    0.116 0.884 0.   ],[0.06 0.94],0.4187972799750299,0.4187972799750299
76,000011_6_white.jpg,Black,1,0.0,[0.997 0.001 0.002 0.    0.    0.    0.   ],[0.001 0.999],0.3597017833513498,0.3597017833513498
77,000012_0_black.jpg,Indian,0,0.109,[0.109 0.59  0.121 0.021 0.149 0.006 0.003],[1. 0.],0.6351166160308033,0.6351166160308033
78,000012_1_indian.jpg,Indian,0,0.992,[0.    0.992 0.001 0.006 0.001 0.    0.   ],[0.999 0.001],0.5177932058026937,0.5177932058026937
79,000012_2_latino.jpg,Indian,0,0.243,[0.004 0.35  0.243 0.313 0.067 0.01  0.013],[1. 0.],0.615458322044544,0.615458322044544
80,000012_3_middle eastern.jpg,Middle Eastern,0,0.707,[0.    0.266 0.022 0.707 0.001 0.    0.003],[1. 0.],0.6357353614835746,0.6357353614835746
81,000012_4_southeast asian.jpg,Southeast Asian,0,0.683,[0.    0.    0.    0.    0.683 0.316 0.   ],[1. 0.],0.660895693922644,0.660895693922644
82,000012_5_east asian.jpg,East Asian,0,0.905,[0.    0.    0.    0.    0.094 0.905 0.   ],[1. 0.],0.5829217406370208,0.5829217406370208
83,000012_6_white.jpg,Black,0,0.003,[0.354 0.303 0.14  0.019 0.171 0.009 0.003],[1. 0.],0.6232819185252161,0.6232819185252161
84,000013_0_black.jpg,Black,0,0.979,[0.979 0.018 0.002 0.    0.    0.    0.   ],[1. 0.],0.6719210778347187,0.6719210778347187
85,000013_1_indian.jpg,Indian,0,0.983,[0.009 0.983 0.003 0.    0.004 0.    0.   ],[0.995 0.005],0.824413311845283,0.824413311845283
86,000013_2_latino.jpg,Indian,0,0.108,[0.041 0.829 0.108 0.003 0.015 0.001 0.005],[1. 0.],0.6967033384119379,0.6967033384119379
87,000013_3_middle eastern.jpg,Indian,0,0.013,[0.011 0.797 0.155 0.013 0.004 0.    0.019],[1. 0.],0.7530757522570084,0.7530757522570084
88,000013_4_southeast asian.jpg,Southeast Asian,0,0.906,[0.046 0.04  0.002 0.    0.906 0.006 0.   ],[0.999 0.001],0.7547577081122727,0.7547577081122727
89,000013_5_east asian.jpg,Southeast Asian,0,0.019,[0.017 0.011 0.005 0.    0.949 0.019 0.   ],[1. 0.],0.6952144333916437,0.6952144333916437
90,000013_6_white.jpg,White,0,0.998,[0.    0.    0.001 0.001 0.    0.    0.998],[1. 0.],0.7947811313691664,0.7947811313691664
91,000014_0_black.jpg,Black,1,0.576,[0.576 0.018 0.323 0.046 0.001 0.    0.036],[0. 1.],0.6980728883485978,0.6980728883485978
92,000014_1_indian.jpg,Indian,0,0.999,[0.    0.999 0.001 0.    0.    0.    0.   ],[0.75 0.25],0.8172927462404613,0.8172927462404613
93,000014_2_latino.jpg,Middle Eastern,1,0.106,[0.    0.008 0.106 0.766 0.    0.    0.12 ],[0. 1.],0.6742478386703172,0.6742478386703172
94,000014_3_middle eastern.jpg,Middle Eastern,0,0.886,[0.    0.058 0.041 0.886 0.    0.    0.014],[0.999 0.001],0.6366684717321238,0.6366684717321238
95,000014_4_southeast asian.jpg,East Asian,0,0.27,[0.    0.    0.002 0.    0.27  0.728 0.   ],[1. 0.],0.4973932163393812,0.4973932163393812
96,000014_5_east asian.jpg,East Asian,0,0.961,[0.    0.    0.    0.    0.039 0.961 0.   ],[0.943 0.057],0.4919715281846077,0.4919715281846077
97,000014_6_white.jpg,Latino,1,0.046,[0.382 0.03  0.46  0.081 0.001 0.    0.046],[0. 1.],0.7907705520272552,0.7907705520272552
98,000015_0_black.jpg,Indian,0,0.361,[0.361 0.481 0.113 0.033 0.011 0.001 0.001],[1. 0.],0.4844842610859361,0.4844842610859361
99,000015_1_indian.jpg,Indian,0,0.989,[0.    0.989 0.01  0.    0.    0.    0.   ],[1. 0.],0.6963956642396623,0.6963956642396623
100,000015_2_latino.jpg,Latino,0,0.533,[0.004 0.315 0.533 0.126 0.002 0.    0.019],[1. 0.],0.7902263481286571,0.7902263481286571
101,000015_3_middle eastern.jpg,Indian,0,0.327,[0.002 0.368 0.282 0.327 0.001 0.    0.02 ],[1. 0.],0.7163181544117871,0.7163181544117871
102,000015_4_southeast asian.jpg,East Asian,0,0.397,[0.    0.    0.001 0.    0.397 0.601 0.   ],[1. 0.],0.5367071350345798,0.5367071350345798
103,000015_5_east asian.jpg,East Asian,0,0.919,[0.    0.    0.    0.    0.081 0.919 0.   ],[1. 0.],0.5029023279143423,0.5029023279143423
104,000015_6_white.jpg,White,0,0.903,[0.    0.001 0.013 0.083 0.    0.    0.903],[1. 0.],0.666331297134207,0.666331297134207
105,000016_0_black.jpg,Black,0,0.98,[0.98  0.015 0.005 0.    0.    0.    0.   ],[1. 0.],0.5788397484748973,0.5788397484748973
106,000016_1_indian.jpg,Indian,0,0.982,[0.003 0.982 0.012 0.    0.003 0.    0.   ],[1. 0.],0.8713787741293451,0.8713787741293451
107,000016_2_latino.jpg,Latino,0,0.502,[0.025 0.245 0.502 0.167 0.003 0.    0.057],[1. 0.],0.8418999456098373,0.8418999456098373
108,000016_3_middle eastern.jpg,Middle Eastern,0,0.434,[0.009 0.269 0.247 0.434 0.001 0.    0.04 ],[1. 0.],0.7733399690243614,0.7733399690243614
109,000016_4_southeast asian.jpg,Southeast Asian,0,0.731,[0.002 0.001 0.01  0.    0.731 0.256 0.   ],[1. 0.],0.5822781419040901,0.5822781419040901
110,000016_5_east asian.jpg,East Asian,0,0.782,[0.    0.    0.002 0.    0.215 0.782 0.   ],[1. 0.],0.5057231180797859,0.5057231180797859
111,000016_6_white.jpg,White,0,0.862,[0.    0.    0.008 0.129 0.    0.    0.862],[1. 0.],0.7455917359683699,0.7455917359683699
112,000017_0_black.jpg,Black,1,0.282,[0.282 0.038 0.275 0.16  0.041 0.027 0.178],[0.026 0.974],0.1440756454719391,0.1440756454719391
113,000017_1_indian.jpg,Indian,0,0.489,[0.001 0.489 0.022 0.432 0.014 0.004 0.037],[0.694 0.306],0.5672352145579844,0.5672352145579844
114,000017_2_latino.jpg,Middle Eastern,1,0.053,[0.001 0.004 0.053 0.68  0.003 0.003 0.255],[0.016 0.984],0.5959638944481602,0.5959638944481602
115,000017_3_middle eastern.jpg,Middle Eastern,0,0.553,[0.    0.088 0.253 0.553 0.003 0.001 0.101],[0.94 0.06],0.5308619368872289,0.5308619368872289
116,000017_4_southeast asian.jpg,Southeast Asian,0,0.73,[0.    0.    0.001 0.    0.73  0.269 0.   ],[0.803 0.197],0.5106048981614959,0.5106048981614959
117,000017_5_east asian.jpg,East Asian,1,0.881,[0.    0.    0.    0.    0.119 0.881 0.   ],[0.239 0.761],0.5748475574314313,0.5748475574314313
118,000017_6_white.jpg,White,1,0.836,[0.    0.001 0.023 0.138 0.001 0.001 0.836],[0. 1.],0.5054481209130717,0.5054481209130717
119,000018_0_black.jpg,Black,1,0.948,[0.948 0.005 0.014 0.001 0.009 0.013 0.011],[0. 1.],0.9441644741262144,0.9441644741262144
120,000018_1_indian.jpg,Indian,1,0.999,[0.    0.999 0.    0.    0.    0.    0.   ],[0.001 0.999],0.9819130012057504,0.9819130012057504
121,000018_2_latino.jpg,Latino,1,0.654,[0.003 0.037 0.654 0.058 0.031 0.018 0.199],[0. 1.],0.9606846264995684,0.9606846264995684
122,000018_3_middle eastern.jpg,White,1,0.195,[0.    0.004 0.044 0.195 0.    0.    0.757],[0. 1.],0.9745488650131532,0.9745488650131532
123,000018_4_southeast asian.jpg,East Asian,1,0.253,[0.    0.001 0.001 0.    0.253 0.745 0.   ],[0. 1.],0.951780231314945,0.951780231314945
124,000018_5_east asian.jpg,East Asian,1,0.963,[0.    0.    0.    0.    0.036 0.963 0.001],[0. 1.],0.9570911209449842,0.9570911209449842
125,000018_6_white.jpg,White,1,0.992,[0.    0.    0.001 0.007 0.    0.    0.992],[0. 1.],0.9514537834909635,0.9514537834909635
126,000019_0_black.jpg,Black,1,0.942,[0.942 0.002 0.003 0.002 0.047 0.002 0.002],[0.001 0.999],0.9208499893456497,0.9208499893456497
127,000019_1_indian.jpg,Indian,1,0.999,[0.    0.999 0.    0.001 0.    0.    0.   ],[0.012 0.988],0.8976963400969562,0.8976963400969562
128,000019_2_latino.jpg,Middle Eastern,1,0.015,[0.002 0.122 0.015 0.81  0.019 0.001 0.031],[0.001 0.999],0.9054836850839147,0.9054836850839147
129,000019_3_middle eastern.jpg,Middle Eastern,1,0.994,[0.    0.004 0.    0.994 0.    0.    0.001],[0.006 0.994],0.8790056664145474,0.8790056664145474
130,000019_4_southeast asian.jpg,Southeast Asian,1,0.894,[0.    0.    0.    0.    0.894 0.105 0.001],[0. 1.],0.9257342735441934,0.9257342735441934
131,000019_5_east asian.jpg,East Asian,1,0.78,[0.    0.    0.    0.    0.219 0.78  0.001],[0. 1.],0.903378207891644,0.903378207891644
132,000019_6_white.jpg,Middle Eastern,1,0.305,[0.    0.007 0.005 0.68  0.002 0.001 0.305],[0.001 0.999],0.926160654461416,0.926160654461416
133,000020_0_black.jpg,Black,0,0.998,[0.998 0.001 0.001 0.    0.    0.    0.   ],[0.997 0.003],0.8443153330524416,0.8443153330524416
134,000020_1_indian.jpg,Indian,0,0.836,[0.138 0.836 0.024 0.001 0.001 0.    0.   ],[0.981 0.019],0.9163097315778428,0.9163097315778428
135,000020_2_latino.jpg,Latino,0,0.605,[0.055 0.263 0.605 0.008 0.008 0.001 0.06 ],[0.998 0.002],0.906727255611952,0.906727255611952
136,000020_3_middle eastern.jpg,Latino,0,0.085,[0.012 0.333 0.375 0.085 0.001 0.    0.196],[0.998 0.002],0.877587886196342,0.877587886196342
137,000020_4_southeast asian.jpg,Southeast Asian,0,0.879,[0.002 0.01  0.009 0.    0.879 0.1   0.   ],[0.881 0.119],0.772587533436111,0.772587533436111
138,000020_5_east asian.jpg,East Asian,0,0.501,[0.001 0.004 0.018 0.    0.471 0.501 0.004],[0.957 0.043],0.7275175738291162,0.7275175738291162
139,000020_6_white.jpg,White,0,0.988,[0.    0.001 0.005 0.006 0.    0.    0.988],[0.998 0.002],0.8699888970297449,0.8699888970297449
140,000021_0_black.jpg,Black,0,1.0,[1. 0. 0. 0. 0. 0. 0.],[0.952 0.048],0.5333629994645654,0.5333629994645654
141,000021_1_indian.jpg,Indian,0,0.893,[0.073 0.893 0.013 0.018 0.002 0.    0.   ],[0.992 0.008],0.8134086419816249,0.8134086419816249
142,000021_2_latino.jpg,Black,0,0.336,[0.388 0.088 0.336 0.091 0.019 0.003 0.075],[0.993 0.007],0.7119088341455764,0.7119088341455764
143,000021_3_middle eastern.jpg,Middle Eastern,0,0.724,[0.01  0.088 0.066 0.724 0.    0.    0.112],[0.99 0.01],0.6913628830043526,0.6913628830043526
144,000021_4_southeast asian.jpg,Southeast Asian,0,0.739,[0.    0.    0.    0.    0.739 0.26  0.   ],[0.891 0.109],0.777175096473558,0.777175096473558
145,000021_5_east asian.jpg,Southeast Asian,0,0.464,[0.    0.    0.001 0.    0.535 0.464 0.   ],[0.631 0.369],0.6615088732598324,0.6615088732598324
146,000021_6_white.jpg,White,0,0.984,[0.    0.    0.003 0.012 0.    0.    0.984],[0.993 0.007],0.5705512079921844,0.5705512079921844
147,000022_0_black.jpg,White,1,0.194,[0.194 0.024 0.271 0.007 0.01  0.005 0.489],[0. 1.],0.8162838542532584,0.8162838542532584
148,000022_1_indian.jpg,Indian,1,0.969,[0.    0.969 0.004 0.02  0.    0.    0.006],[0. 1.],0.8582173757734661,0.8582173757734661
149,000022_2_latino.jpg,White,1,0.164,[0.001 0.04  0.164 0.116 0.002 0.001 0.676],[0. 1.],0.8536416900897914,0.8536416900897914
150,000022_3_middle eastern.jpg,Middle Eastern,1,0.956,[0.    0.013 0.009 0.956 0.003 0.    0.019],[0.001 0.999],0.843589210362995,0.843589210362995
151,000022_4_southeast asian.jpg,East Asian,1,0.474,[0.    0.008 0.014 0.    0.474 0.49  0.014],[0. 1.],0.8416455344464855,0.8416455344464855
152,000022_5_east asian.jpg,East Asian,1,0.681,[0.    0.001 0.003 0.    0.305 0.681 0.01 ],[0. 1.],0.8421197554659858,0.8421197554659858
153,000022_6_white.jpg,White,1,0.998,[0.    0.    0.    0.002 0.    0.    0.998],[0. 1.],0.8418836754189669,0.8418836754189669
154,000023_0_black.jpg,Black,0,0.728,[0.728 0.025 0.164 0.039 0.007 0.001 0.036],[1. 0.],0.8598652547392964,0.8598652547392964
155,000023_1_indian.jpg,Indian,0,0.77,[0.    0.77  0.051 0.172 0.003 0.    0.003],[1. 0.],0.9483542288600166,0.9483542288600166
156,000023_2_latino.jpg,Middle Eastern,0,0.174,[0.    0.011 0.174 0.732 0.002 0.001 0.079],[1. 0.],0.8841703814687094,0.8841703814687094
157,000023_3_middle eastern.jpg,Middle Eastern,0,0.976,[0.    0.005 0.013 0.976 0.    0.    0.006],[1. 0.],0.9188751105057216,0.9188751105057216
158,000023_4_southeast asian.jpg,Southeast Asian,0,0.672,[0.    0.    0.003 0.    0.672 0.324 0.   ],[1. 0.],0.83573959053782,0.83573959053782
159,000023_5_east asian.jpg,East Asian,0,0.924,[0.    0.    0.    0.    0.075 0.924 0.   ],[1. 0.],0.8258177968154907,0.8258177968154907
160,000023_6_white.jpg,White,0,0.999,[0.    0.    0.    0.001 0.    0.    0.999],[1. 0.],0.8889433333154559,0.8889433333154559
161,000024_0_black.jpg,East Asian,1,0.056,[0.056 0.033 0.281 0.021 0.236 0.318 0.055],[0.03 0.97],0.4575228730840168,0.4575228730840168
162,000024_1_indian.jpg,White,1,0.021,[0.003 0.021 0.154 0.322 0.014 0.029 0.457],[0.38 0.62],0.6716861768482716,0.6716861768482716
163,000024_2_latino.jpg,White,1,0.058,[0.001 0.004 0.058 0.351 0.009 0.035 0.543],[0.035 0.965],0.442190098096112,0.442190098096112
164,000024_3_middle eastern.jpg,Middle Eastern,1,0.534,[0.    0.002 0.013 0.534 0.002 0.004 0.445],[0.096 0.904],0.310053360080331,0.310053360080331
165,000024_4_southeast asian.jpg,East Asian,1,0.078,[0.001 0.001 0.029 0.033 0.078 0.7   0.157],[0.211 0.789],0.1809530455359065,0.1809530455359065
166,000024_5_east asian.jpg,East Asian,1,0.544,[0.    0.001 0.015 0.069 0.048 0.544 0.322],[0.086 0.914],0.5077236468797723,0.5077236468797723
167,000024_6_white.jpg,White,1,0.919,[0.    0.    0.016 0.046 0.002 0.017 0.919],[0.007 0.993],0.3691188177104736,0.3691188177104736
168,000025_0_black.jpg,Black,0,0.838,[0.838 0.069 0.036 0.055 0.001 0.    0.001],[1. 0.],0.5204403083254241,0.5204403083254241
169,000025_1_indian.jpg,Indian,0,0.984,[0.    0.984 0.003 0.013 0.    0.    0.   ],[1. 0.],0.98486525013952,0.98486525013952
170,000025_2_latino.jpg,Middle Eastern,0,0.022,[0.    0.012 0.022 0.96  0.    0.    0.005],[1. 0.],0.9211498911234122,0.9211498911234122
171,000025_3_middle eastern.jpg,Middle Eastern,0,0.975,[0.    0.021 0.004 0.975 0.    0.    0.001],[1. 0.],0.9673506317650262,0.9673506317650262
172,000025_4_southeast asian.jpg,Southeast Asian,0,0.926,[0.002 0.003 0.03  0.    0.926 0.038 0.001],[0.999 0.001],0.9230948891986066,0.9230948891986066
173,000025_5_east asian.jpg,Southeast Asian,0,0.493,[0.001 0.    0.007 0.    0.498 0.493 0.002],[1. 0.],0.5053774101958044,0.5053774101958044
174,000025_6_white.jpg,Black,0,0.003,[0.746 0.052 0.092 0.107 0.001 0.    0.003],[1. 0.],0.816083408338335,0.816083408338335
175,000026_0_black.jpg,Latino,1,0.145,[0.145 0.25  0.384 0.136 0.041 0.016 0.028],[0.001 0.999],0.6111829839916827,0.6111829839916827
176,000026_1_indian.jpg,Indian,1,0.856,[0.    0.856 0.031 0.104 0.    0.    0.008],[0.002 0.998],0.6691216948815835,0.6691216948815835
177,000026_2_latino.jpg,Middle Eastern,1,0.086,[0.    0.048 0.086 0.584 0.001 0.001 0.279],[0. 1.],0.7327891610937078,0.7327891610937078
178,000026_3_middle eastern.jpg,Middle Eastern,1,0.826,[0.    0.031 0.021 0.826 0.    0.    0.122],[0.002 0.998],0.7109952141194558,0.7109952141194558
179,000026_4_southeast asian.jpg,East Asian,1,0.114,[0.    0.001 0.012 0.001 0.114 0.869 0.003],[0. 1.],0.7951064915754547,0.7951064915754547
180,000026_5_east asian.jpg,East Asian,1,0.973,[0.    0.    0.001 0.    0.026 0.973 0.   ],[0. 1.],0.8341725915819718,0.8341725915819718
181,000026_6_white.jpg,Middle Eastern,1,0.383,[0.    0.006 0.054 0.556 0.001 0.001 0.383],[0. 1.],0.8035335267391202,0.8035335267391202
182,000027_0_black.jpg,Black,1,0.987,[0.987 0.001 0.01  0.    0.001 0.001 0.002],[0.001 0.999],0.5118226422599736,0.5118226422599736
183,000027_1_indian.jpg,Indian,1,0.973,[0.006 0.973 0.012 0.003 0.003 0.001 0.003],[0.003 0.997],0.5609514172618377,0.5609514172618377
184,000027_2_latino.jpg,Latino,1,0.584,[0.039 0.008 0.584 0.057 0.016 0.013 0.283],[0. 1.],0.4599742059680127,0.4599742059680127
185,000027_3_middle eastern.jpg,Latino,1,0.173,[0.016 0.009 0.399 0.173 0.004 0.003 0.395],[0. 1.],0.4514195807630399,0.4514195807630399
186,000027_4_southeast asian.jpg,Southeast Asian,1,0.517,[0.001 0.001 0.07  0.001 0.517 0.4   0.012],[0. 1.],0.4231988319627355,0.4231988319627355
187,000027_5_east asian.jpg,East Asian,1,0.766,[0.    0.    0.012 0.    0.214 0.766 0.007],[0. 1.],0.47589737193904,0.47589737193904
188,000027_6_white.jpg,White,1,0.756,[0.007 0.002 0.153 0.07  0.005 0.006 0.756],[0. 1.],0.5076025679167568,0.5076025679167568
189,000028_0_black.jpg,Black,1,0.992,[0.992 0.001 0.004 0.    0.001 0.001 0.001],[0. 1.],0.8561179283903921,0.8561179283903921
190,000028_1_indian.jpg,Middle Eastern,1,0.18,[0.    0.18  0.05  0.702 0.009 0.002 0.056],[0.124 0.876],0.953225066935368,0.953225066935368
191,000028_2_latino.jpg,White,1,0.093,[0.004 0.005 0.093 0.026 0.041 0.066 0.765],[0.001 0.999],0.859228940653104,0.859228940653104
192,000028_3_middle eastern.jpg,White,1,0.015,[0.    0.    0.001 0.015 0.    0.    0.983],[0.002 0.998],0.9106985408516604,0.9106985408516604
193,000028_4_southeast asian.jpg,Southeast Asian,1,0.815,[0.001 0.003 0.005 0.    0.815 0.176 0.001],[0. 1.],0.8932595931131118,0.8932595931131118
194,000028_5_east asian.jpg,East Asian,1,0.798,[0.    0.    0.    0.    0.201 0.798 0.001],[0. 1.],0.9280431360410082,0.9280431360410082
195,000028_6_white.jpg,White,1,0.673,[0.005 0.057 0.229 0.035 0.001 0.    0.673],[0. 1.],0.8504120534988717,0.8504120534988717
196,000029_0_black.jpg,White,1,0.0,[0.    0.    0.004 0.003 0.    0.    0.993],[0. 1.],0.8737386646267906,0.8737386646267906
197,000029_1_indian.jpg,White,1,0.114,[0.001 0.114 0.16  0.188 0.005 0.001 0.531],[0. 1.],0.8373475635196008,0.8373475635196008
198,000029_2_latino.jpg,White,1,0.009,[0.    0.    0.009 0.006 0.    0.    0.985],[0. 1.],0.8818210163608955,0.8818210163608955
199,000029_3_middle eastern.jpg,White,1,0.019,[0.    0.    0.004 0.019 0.    0.    0.977],[0. 1.],0.8666281486137801,0.8666281486137801
200,000029_4_southeast asian.jpg,Southeast Asian,1,0.764,[0.    0.004 0.013 0.    0.764 0.208 0.011],[0. 1.],0.8500241185508854,0.8500241185508854
201,000029_5_east asian.jpg,East Asian,1,0.492,[0.    0.001 0.007 0.001 0.471 0.492 0.028],[0. 1.],0.8568780181134652,0.8568780181134652
202,000029_6_white.jpg,White,1,1.0,[0. 0. 0. 0. 0. 0. 1.],[0. 1.],0.881061225044218,0.881061225044218
203,000030_0_black.jpg,Black,1,0.994,[0.994 0.001 0.003 0.    0.    0.    0.001],[0.018 0.982],0.4385577671142975,0.4385577671142975
204,000030_1_indian.jpg,Indian,0,0.987,[0.003 0.987 0.008 0.001 0.    0.    0.001],[0.986 0.014],0.4760074951134703,0.4760074951134703
205,000030_2_latino.jpg,Latino,0,0.554,[0.003 0.122 0.554 0.133 0.006 0.001 0.18 ],[0.939 0.061],0.3520037564110976,0.3520037564110976
206,000030_3_middle eastern.jpg,Middle Eastern,1,0.407,[0.003 0.111 0.304 0.407 0.001 0.    0.175],[0.466 0.534],0.8631133055837266,0.8631133055837266
207,000030_4_southeast asian.jpg,Southeast Asian,0,0.725,[0.002 0.003 0.01  0.    0.725 0.258 0.001],[0.949 0.051],0.3456080263442072,0.3456080263442072
208,000030_5_east asian.jpg,East Asian,0,0.747,[0.001 0.001 0.007 0.    0.241 0.747 0.003],[0.959 0.041],0.479802045618442,0.479802045618442
209,000030_6_white.jpg,White,0,0.976,[0.    0.    0.005 0.02  0.    0.    0.976],[0.821 0.179],0.6063078402257029,0.6063078402257029
210,000031_0_black.jpg,Black,1,0.925,[0.925 0.001 0.066 0.001 0.    0.    0.007],[0.007 0.993],0.9518285255394624,0.9518285255394624
211,000031_1_indian.jpg,Indian,0,0.544,[0.003 0.544 0.28  0.087 0.008 0.    0.077],[0.998 0.002],0.9760622075499334,0.9760622075499334
212,000031_2_latino.jpg,White,0,0.124,[0.001 0.002 0.124 0.424 0.001 0.    0.448],[1. 0.],0.972051529318568,0.972051529318568
213,000031_3_middle eastern.jpg,Middle Eastern,0,0.942,[0.    0.003 0.008 0.942 0.    0.    0.047],[1. 0.],0.9704803560626338,0.9704803560626338
214,000031_4_southeast asian.jpg,Southeast Asian,0,0.804,[0.    0.    0.005 0.    0.804 0.191 0.   ],[0.999 0.001],0.8477025775564386,0.8477025775564386
215,000031_5_east asian.jpg,East Asian,0,0.739,[0.    0.    0.001 0.    0.259 0.739 0.001],[1. 0.],0.8663433948981984,0.8663433948981984
216,000031_6_white.jpg,White,0,1.0,[0. 0. 0. 0. 0. 0. 1.],[0.999 0.001],0.9260503697028716,0.9260503697028716
217,000032_0_black.jpg,Black,0,0.954,[0.954 0.005 0.022 0.003 0.003 0.    0.012],[1. 0.],0.6372348553643892,0.6372348553643892
218,000032_1_indian.jpg,Indian,0,0.94,[0.005 0.94  0.04  0.011 0.001 0.    0.004],[1. 0.],0.7475919032730836,0.7475919032730836
219,000032_2_latino.jpg,Latino,0,0.568,[0.016 0.032 0.568 0.05  0.008 0.001 0.325],[1. 0.],0.8006083805576065,0.8006083805576065
220,000032_3_middle eastern.jpg,Middle Eastern,0,0.505,[0.002 0.087 0.275 0.505 0.001 0.    0.13 ],[1. 0.],0.7122850573373971,0.7122850573373971
221,000032_4_southeast asian.jpg,Southeast Asian,0,0.809,[0.001 0.    0.004 0.    0.809 0.185 0.   ],[1. 0.],0.7059156563752169,0.7059156563752169
222,000032_5_east asian.jpg,East Asian,0,0.812,[0.    0.    0.001 0.    0.187 0.812 0.001],[1. 0.],0.7737598812138629,0.7737598812138629
223,000032_6_white.jpg,White,0,0.998,[0.    0.    0.001 0.001 0.    0.    0.998],[1. 0.],0.6925141080130028,0.6925141080130028
224,000033_0_black.jpg,Indian,0,0.079,[0.079 0.823 0.054 0.001 0.042 0.001 0.   ],[1. 0.],0.6017128894488983,0.6017128894488983
225,000033_1_indian.jpg,Indian,0,0.996,[0.    0.996 0.003 0.001 0.    0.    0.   ],[1. 0.],0.6418726164130935,0.6418726164130935
226,000033_2_latino.jpg,Latino,0,0.509,[0.    0.394 0.509 0.048 0.022 0.004 0.023],[1. 0.],0.6386237596725857,0.6386237596725857
227,000033_3_middle eastern.jpg,Indian,0,0.27,[0.    0.557 0.163 0.27  0.001 0.    0.009],[1. 0.],0.6227523389082328,0.6227523389082328
228,000033_4_southeast asian.jpg,Southeast Asian,0,0.637,[0.    0.001 0.002 0.    0.637 0.359 0.   ],[1. 0.],0.5573922257031982,0.5573922257031982
229,000033_5_east asian.jpg,East Asian,0,0.818,[0.    0.    0.001 0.    0.181 0.818 0.   ],[1. 0.],0.5200729150375263,0.5200729150375263
230,000033_6_white.jpg,White,0,0.888,[0.    0.    0.004 0.107 0.    0.001 0.888],[1. 0.],0.612931271673476,0.612931271673476
231,000034_0_black.jpg,Indian,1,0.344,[0.344 0.596 0.026 0.003 0.024 0.001 0.007],[0.001 0.999],0.7119837666627205,0.7119837666627205
232,000034_1_indian.jpg,Indian,1,0.8,[0.001 0.8   0.051 0.095 0.005 0.    0.049],[0.002 0.998],0.7284191139034868,0.7284191139034868
233,000034_2_latino.jpg,White,1,0.048,[0.    0.009 0.048 0.065 0.002 0.001 0.875],[0. 1.],0.6803409242038532,0.6803409242038532
234,000034_3_middle eastern.jpg,White,1,0.168,[0.    0.013 0.027 0.168 0.001 0.    0.791],[0.001 0.999],0.7273787554793114,0.7273787554793114
235,000034_4_southeast asian.jpg,East Asian,1,0.472,[0.    0.003 0.004 0.001 0.472 0.517 0.004],[0. 1.],0.6682987980943984,0.6682987980943984
236,000034_5_east asian.jpg,East Asian,1,0.878,[0.    0.    0.001 0.    0.12  0.878 0.001],[0. 1.],0.6647945201518246,0.6647945201518246
237,000034_6_white.jpg,White,1,0.674,[0.006 0.083 0.115 0.103 0.016 0.004 0.674],[0. 1.],0.6349418094470141,0.6349418094470141
238,000035_0_black.jpg,Black,1,0.994,[0.994 0.004 0.002 0.    0.    0.    0.001],[0. 1.],0.4419966471330887,0.4419966471330887
239,000035_1_indian.jpg,Indian,1,0.946,[0.    0.946 0.027 0.015 0.    0.    0.012],[0. 1.],0.6530985787204315,0.6530985787204315
240,000035_2_latino.jpg,Indian,1,0.146,[0.01  0.457 0.146 0.145 0.001 0.    0.241],[0. 1.],0.3806973735325731,0.3806973735325731
241,000035_3_middle eastern.jpg,White,1,0.268,[0.001 0.022 0.043 0.268 0.    0.    0.666],[0. 1.],0.5495551298943653,0.5495551298943653
242,000035_4_southeast asian.jpg,Indian,1,0.02,[0.009 0.36  0.261 0.222 0.02  0.006 0.122],[0. 1.],0.2391699580501933,0.2391699580501933
243,000035_5_east asian.jpg,Southeast Asian,1,0.336,[0.003 0.02  0.152 0.014 0.336 0.336 0.14 ],[0. 1.],0.39447781235982,0.39447781235982
244,000035_6_white.jpg,White,1,0.982,[0.001 0.001 0.007 0.01  0.    0.    0.982],[0. 1.],0.3515908078666954,0.3515908078666954
245,000036_0_black.jpg,Black,0,0.857,[0.857 0.07  0.028 0.037 0.005 0.001 0.001],[0.989 0.011],0.6921410661958629,0.6921410661958629
246,000036_1_indian.jpg,Indian,0,0.969,[0.    0.969 0.012 0.018 0.    0.    0.   ],[1. 0.],0.7856857970903701,0.7856857970903701
247,000036_2_latino.jpg,Middle Eastern,0,0.199,[0.003 0.376 0.199 0.399 0.006 0.001 0.015],[1. 0.],0.7044579729850218,0.7044579729850218
248,000036_3_middle eastern.jpg,Indian,0,0.411,[0.001 0.521 0.062 0.411 0.    0.    0.005],[1. 0.],0.7649431511753644,0.7649431511753644
249,000036_4_southeast asian.jpg,East Asian,0,0.303,[0.001 0.    0.004 0.    0.303 0.691 0.   ],[0.989 0.011],0.7294235484040505,0.7294235484040505
250,000036_5_east asian.jpg,East Asian,0,0.964,[0.    0.    0.    0.    0.036 0.964 0.   ],[0.992 0.008],0.724535049489244,0.724535049489244
251,000036_6_white.jpg,Black,0,0.001,[0.946 0.018 0.019 0.014 0.001 0.    0.001],[0.997 0.003],0.830956499591895,0.830956499591895
252,000037_0_black.jpg,Black,0,0.976,[0.976 0.02  0.002 0.    0.002 0.    0.   ],[0.999 0.001],0.8036858474564352,0.8036858474564352
253,000037_1_indian.jpg,Indian,0,0.899,[0.067 0.899 0.018 0.008 0.008 0.    0.   ],[0.999 0.001],0.8972167661031276,0.8972167661031276
254,000037_2_latino.jpg,Latino,0,0.427,[0.195 0.233 0.427 0.076 0.056 0.003 0.01 ],[1. 0.],0.8534764711817242,0.8534764711817242
255,000037_3_middle eastern.jpg,Middle Eastern,0,0.567,[0.035 0.192 0.19  0.567 0.003 0.    0.014],[1. 0.],0.8885670858790382,0.8885670858790382
256,000037_4_southeast asian.jpg,Southeast Asian,0,0.925,[0.006 0.001 0.004 0.    0.925 0.063 0.   ],[1. 0.],0.8483964322875874,0.8483964322875874
257,000037_5_east asian.jpg,Southeast Asian,0,0.281,[0.001 0.    0.005 0.    0.712 0.281 0.   ],[1. 0.],0.8138701692697394,0.8138701692697394
258,000037_6_white.jpg,Black,0,0.0,[0.968 0.027 0.003 0.    0.002 0.    0.   ],[0.998 0.002],0.8634581542692905,0.8634581542692905
259,000038_0_black.jpg,Black,0,0.991,[0.991 0.006 0.002 0.    0.    0.    0.   ],[1. 0.],0.8805543594935219,0.8805543594935219
260,000038_1_indian.jpg,Indian,0,0.996,[0.001 0.996 0.002 0.    0.    0.    0.   ],[0.999 0.001],0.8630702492416216,0.8630702492416216
261,000038_2_latino.jpg,Latino,0,0.718,[0.018 0.203 0.718 0.008 0.001 0.    0.051],[1. 0.],0.9070343275824444,0.9070343275824444
262,000038_3_middle eastern.jpg,Indian,0,0.087,[0.006 0.596 0.272 0.087 0.    0.    0.039],[1. 0.],0.8784784887220374,0.8784784887220374
263,000038_4_southeast asian.jpg,Southeast Asian,0,0.979,[0.    0.    0.001 0.    0.979 0.02  0.   ],[1. 0.],0.6989987958793469,0.6989987958793469
264,000038_5_east asian.jpg,Southeast Asian,0,0.425,[0.    0.    0.001 0.    0.574 0.425 0.   ],[1. 0.],0.7193775837578962,0.7193775837578962
265,000038_6_white.jpg,White,0,1.0,[0. 0. 0. 0. 0. 0. 1.],[1. 0.],0.8815229975275065,0.8815229975275065
266,000039_0_black.jpg,Black,1,0.846,[0.846 0.024 0.076 0.004 0.04  0.008 0.001],[0. 1.],0.9775517060923749,0.9775517060923749
267,000039_1_indian.jpg,Indian,1,0.992,[0.001 0.992 0.002 0.003 0.001 0.    0.   ],[0.021 0.979],0.9898347832797254,0.9898347832797254
268,000039_2_latino.jpg,Latino,1,0.509,[0.02  0.107 0.509 0.186 0.054 0.036 0.087],[0.001 0.999],0.9703884164056352,0.9703884164056352
269,000039_3_middle eastern.jpg,Indian,0,0.249,[0.007 0.629 0.084 0.249 0.005 0.001 0.027],[1. 0.],0.9801160387706436,0.9801160387706436
270,000039_4_southeast asian.jpg,East Asian,1,0.121,[0.    0.    0.    0.    0.121 0.878 0.   ],[0. 1.],0.951920408215644,0.951920408215644
271,000039_5_east asian.jpg,East Asian,1,0.943,[0.    0.    0.    0.    0.057 0.943 0.   ],[0. 1.],0.9431783239032194,0.9431783239032194
272,000039_6_white.jpg,Latino,1,0.302,[0.009 0.036 0.422 0.192 0.021 0.018 0.302],[0.001 0.999],0.9192849459154318,0.9192849459154318
273,000040_0_black.jpg,Black,1,0.688,[0.688 0.033 0.269 0.001 0.001 0.    0.007],[0. 1.],0.7784653128268004,0.7784653128268004
274,000040_1_indian.jpg,Indian,1,0.934,[0.    0.934 0.042 0.019 0.    0.    0.004],[0.001 0.999],0.8228583809762746,0.8228583809762746
275,000040_2_latino.jpg,Latino,1,0.765,[0.008 0.063 0.765 0.055 0.001 0.002 0.106],[0. 1.],0.7334153486058133,0.7334153486058133
276,000040_3_middle eastern.jpg,Latino,1,0.193,[0.003 0.084 0.52  0.193 0.001 0.001 0.198],[0. 1.],0.753283465030191,0.753283465030191
277,000040_4_southeast asian.jpg,East Asian,1,0.361,[0.002 0.038 0.122 0.001 0.361 0.471 0.005],[0. 1.],0.6881632382553315,0.6881632382553315
278,000040_5_east asian.jpg,East Asian,1,0.751,[0.    0.004 0.027 0.    0.214 0.751 0.003],[0.001 0.999],0.6564743079745936,0.6564743079745936
279,000040_6_white.jpg,White,1,0.776,[0.001 0.002 0.113 0.108 0.    0.    0.776],[0. 1.],0.7238341629154472,0.7238341629154472
280,000041_0_black.jpg,Black,1,0.986,[0.986 0.003 0.01  0.    0.001 0.    0.   ],[0.029 0.971],0.5951934742415272,0.5951934742415272
281,000041_1_indian.jpg,Indian,0,0.931,[0.    0.931 0.026 0.04  0.    0.    0.002],[1. 0.],0.6303131159893307,0.6303131159893307
282,000041_2_latino.jpg,Latino,0,0.435,[0.003 0.049 0.435 0.414 0.002 0.    0.098],[1. 0.],0.684935378240418,0.684935378240418
283,000041_3_middle eastern.jpg,Middle Eastern,0,0.844,[0.001 0.041 0.076 0.844 0.    0.    0.037],[1. 0.],0.613519180672977,0.613519180672977
284,000041_4_southeast asian.jpg,East Asian,0,0.429,[0.    0.    0.004 0.    0.429 0.566 0.001],[0.989 0.011],0.4695577826794392,0.4695577826794392
285,000041_5_east asian.jpg,East Asian,0,0.852,[0.    0.    0.    0.    0.147 0.852 0.   ],[0.999 0.001],0.3749028235656706,0.3749028235656706
286,000041_6_white.jpg,Latino,0,0.198,[0.023 0.024 0.421 0.332 0.001 0.    0.198],[1. 0.],0.7087418636659646,0.7087418636659646
287,000042_0_black.jpg,Black,1,0.924,[0.924 0.002 0.061 0.001 0.001 0.    0.011],[0. 1.],0.8623638320893083,0.8623638320893083
288,000042_1_indian.jpg,Indian,1,0.92,[0.    0.92  0.016 0.01  0.001 0.001 0.053],[0. 1.],0.8553781300204106,0.8553781300204106
289,000042_2_latino.jpg,White,1,0.082,[0.    0.001 0.082 0.014 0.    0.    0.903],[0. 1.],0.8753108366588183,0.8753108366588183
290,000042_3_middle eastern.jpg,White,1,0.003,[0.    0.    0.    0.003 0.    0.    0.997],[0. 1.],0.8281928798994314,0.8281928798994314
291,000042_4_southeast asian.jpg,Southeast Asian,1,0.398,[0.003 0.007 0.191 0.001 0.398 0.345 0.055],[0. 1.],0.8371223153028189,0.8371223153028189
292,000042_5_east asian.jpg,East Asian,1,0.6,[0.001 0.001 0.083 0.001 0.226 0.6   0.088],[0. 1.],0.8272514253824925,0.8272514253824925
293,000042_6_white.jpg,White,1,1.0,[0. 0. 0. 0. 0. 0. 1.],[0. 1.],0.8685205426795388,0.8685205426795388
294,000043_0_black.jpg,Black,1,0.991,[0.991 0.004 0.005 0.    0.    0.    0.   ],[0. 1.],0.7308760708558606,0.7308760708558606
295,000043_1_indian.jpg,Indian,1,0.963,[0.    0.963 0.027 0.007 0.    0.    0.003],[0. 1.],0.8603123913097586,0.8603123913097586
296,000043_2_latino.jpg,Latino,1,0.736,[0.013 0.09  0.736 0.018 0.002 0.    0.14 ],[0. 1.],0.8059551892661716,0.8059551892661716
297,000043_3_middle eastern.jpg,Latino,1,0.068,[0.003 0.079 0.561 0.068 0.001 0.    0.288],[0. 1.],0.7896735659816956,0.7896735659816956
298,000043_4_southeast asian.jpg,Southeast Asian,1,0.584,[0.005 0.022 0.236 0.001 0.584 0.141 0.011],[0. 1.],0.7109199499209435,0.7109199499209435
299,000043_5_east asian.jpg,East Asian,1,0.809,[0.    0.    0.004 0.    0.186 0.809 0.001],[0. 1.],0.7269810539844073,0.7269810539844073
300,000043_6_white.jpg,White,1,0.991,[0.    0.    0.003 0.005 0.    0.    0.991],[0. 1.],0.8051033991130143,0.8051033991130143
301,000044_0_black.jpg,Black,1,0.961,[0.961 0.025 0.006 0.003 0.002 0.    0.002],[0.001 0.999],0.8577212629551372,0.8577212629551372
302,000044_1_indian.jpg,Indian,1,0.996,[0.    0.996 0.    0.003 0.    0.    0.   ],[0. 1.],0.8250172914619578,0.8250172914619578
303,000044_2_latino.jpg,Middle Eastern,1,0.127,[0.002 0.145 0.127 0.62  0.01  0.004 0.093],[0. 1.],0.8272829558935599,0.8272829558935599
304,000044_3_middle eastern.jpg,Middle Eastern,1,0.891,[0.    0.054 0.019 0.891 0.    0.    0.036],[0. 1.],0.8314604146829081,0.8314604146829081
305,000044_4_southeast asian.jpg,Southeast Asian,1,0.679,[0.    0.007 0.004 0.    0.679 0.307 0.002],[0. 1.],0.7761701344742904,0.7761701344742904
306,000044_5_east asian.jpg,East Asian,1,0.668,[0.    0.001 0.002 0.    0.323 0.668 0.007],[0. 1.],0.6958013991608847,0.6958013991608847
307,000044_6_white.jpg,Black,1,0.003,[0.858 0.098 0.025 0.007 0.008 0.001 0.003],[0.001 0.999],0.834275753307977,0.834275753307977
308,000045_0_black.jpg,Black,1,0.965,[0.965 0.008 0.021 0.001 0.    0.    0.004],[0. 1.],0.9474510244013572,0.9474510244013572
309,000045_1_indian.jpg,Indian,1,0.912,[0.    0.912 0.023 0.062 0.    0.    0.003],[0. 1.],0.9256476396127342,0.9256476396127342
310,000045_2_latino.jpg,Latino,1,0.636,[0.042 0.071 0.636 0.077 0.008 0.002 0.165],[0. 1.],0.9432837565948992,0.9432837565948992
311,000045_3_middle eastern.jpg,Latino,1,0.168,[0.008 0.117 0.542 0.168 0.002 0.001 0.162],[0. 1.],0.9463107894898456,0.9463107894898456
312,000045_4_southeast asian.jpg,East Asian,1,0.255,[0.    0.002 0.008 0.    0.255 0.733 0.002],[0. 1.],0.8600275795501995,0.8600275795501995
313,000045_5_east asian.jpg,East Asian,1,0.831,[0.    0.    0.003 0.    0.165 0.831 0.001],[0. 1.],0.8690897950476095,0.8690897950476095
314,000045_6_white.jpg,White,1,0.867,[0.    0.001 0.085 0.047 0.    0.    0.867],[0. 1.],0.9157564893700814,0.9157564893700814
315,000046_0_black.jpg,Indian,1,0.11,[0.11  0.807 0.067 0.004 0.008 0.002 0.002],[0.001 0.999],0.6208297710571145,0.6208297710571145
316,000046_1_indian.jpg,Indian,1,0.997,[0.    0.997 0.    0.003 0.    0.    0.   ],[0.001 0.999],0.799381664687332,0.799381664687332
317,000046_2_latino.jpg,Middle Eastern,1,0.057,[0.    0.328 0.057 0.587 0.002 0.002 0.023],[0. 1.],0.7795991887651905,0.7795991887651905
318,000046_3_middle eastern.jpg,Middle Eastern,1,0.828,[0.    0.154 0.009 0.828 0.001 0.    0.008],[0.001 0.999],0.7472787924991142,0.7472787924991142
319,000046_4_southeast asian.jpg,East Asian,1,0.091,[0.    0.001 0.002 0.    0.091 0.906 0.   ],[0. 1.],0.4863993297878679,0.4863993297878679
320,000046_5_east asian.jpg,East Asian,1,0.975,[0.    0.    0.    0.    0.024 0.975 0.   ],[0. 1.],0.6473126049337314,0.6473126049337314
321,000046_6_white.jpg,White,1,0.775,[0.    0.01  0.057 0.146 0.003 0.01  0.775],[0. 1.],0.6337889080749177,0.6337889080749177
322,000047_0_black.jpg,Latino,1,0.266,[0.266 0.004 0.58  0.003 0.001 0.    0.146],[0. 1.],0.5684334657090648,0.5684334657090648
323,000047_1_indian.jpg,Indian,1,0.902,[0.    0.902 0.09  0.004 0.001 0.    0.003],[0. 1.],0.8524097302221849,0.8524097302221849
324,000047_2_latino.jpg,White,1,0.453,[0.    0.003 0.453 0.026 0.001 0.001 0.516],[0. 1.],0.7631589282469513,0.7631589282469513
325,000047_3_middle eastern.jpg,White,1,0.092,[0.    0.001 0.042 0.092 0.    0.    0.865],[0. 1.],0.8468209720741189,0.8468209720741189
326,000047_4_southeast asian.jpg,East Asian,1,0.168,[0.    0.    0.019 0.    0.168 0.803 0.009],[0. 1.],0.6765193131673721,0.6765193131673721
327,000047_5_east asian.jpg,East Asian,1,0.954,[0.    0.    0.002 0.    0.038 0.954 0.006],[0. 1.],0.7430521072626592,0.7430521072626592
328,000047_6_white.jpg,Latino,1,0.15,[0.146 0.004 0.695 0.004 0.001 0.    0.15 ],[0. 1.],0.7913120826759612,0.7913120826759612
329,000048_0_black.jpg,Black,1,0.985,[0.985 0.004 0.003 0.    0.007 0.001 0.   ],[0.376 0.624],0.6599257072480338,0.6599257072480338
330,000048_1_indian.jpg,Indian,0,0.99,[0.001 0.99  0.006 0.    0.002 0.    0.   ],[0.999 0.001],0.7590271168365996,0.7590271168365996
331,000048_2_latino.jpg,Indian,0,0.11,[0.001 0.772 0.11  0.046 0.053 0.011 0.006],[0.997 0.003],0.6878291913539993,0.6878291913539993
332,000048_3_middle eastern.jpg,Middle Eastern,0,0.545,[0.001 0.264 0.141 0.545 0.002 0.001 0.047],[1. 0.],0.7236009082134505,0.7236009082134505
333,000048_4_southeast asian.jpg,East Asian,0,0.46,[0.    0.006 0.003 0.    0.46  0.531 0.   ],[0.832 0.168],0.6307741581669648,0.6307741581669648
334,000048_5_east asian.jpg,East Asian,1,0.888,[0.    0.001 0.001 0.    0.109 0.888 0.001],[0.368 0.632],0.6589974884290948,0.6589974884290948
335,000048_6_white.jpg,White,0,0.967,[0.    0.001 0.009 0.022 0.    0.001 0.967],[0.999 0.001],0.6437694636531783,0.6437694636531783
336,000049_0_black.jpg,Black,0,1.0,[1. 0. 0. 0. 0. 0. 0.],[0.799 0.201],0.460665893364695,0.460665893364695
337,000049_1_indian.jpg,Black,0,0.05,[0.945 0.05  0.004 0.    0.    0.    0.   ],[0.964 0.036],0.5955236126475449,0.5955236126475449
338,000049_2_latino.jpg,Black,0,0.018,[0.971 0.001 0.018 0.003 0.003 0.002 0.003],[0.998 0.002],0.5018075691202128,0.5018075691202128
339,000049_3_middle eastern.jpg,Black,0,0.007,[0.977 0.002 0.01  0.007 0.    0.    0.003],[1. 0.],0.4612584260909864,0.4612584260909864
340,000049_4_southeast asian.jpg,East Asian,0,0.379,[0.019 0.    0.004 0.    0.379 0.596 0.001],[0.996 0.004],0.4940524765030192,0.4940524765030192
341,000049_5_east asian.jpg,East Asian,0,0.864,[0.001 0.    0.    0.    0.135 0.864 0.   ],[0.999 0.001],0.5484399025750506,0.5484399025750506
342,000049_6_white.jpg,Black,0,0.159,[0.735 0.001 0.013 0.023 0.02  0.048 0.159],[0.997 0.003],0.5214946124021711,0.5214946124021711
343,000050_0_black.jpg,Black,0,0.992,[0.992 0.004 0.004 0.    0.    0.    0.   ],[1. 0.],0.2080635274180984,0.2080635274180984
344,000050_1_indian.jpg,Indian,0,0.996,[0.    0.996 0.004 0.    0.    0.    0.   ],[1. 0.],0.3500537593693291,0.3500537593693291
345,000050_2_latino.jpg,Latino,0,0.685,[0.017 0.263 0.685 0.024 0.002 0.    0.009],[1. 0.],0.3834273547360016,0.3834273547360016
346,000050_3_middle eastern.jpg,Latino,0,0.106,[0.007 0.411 0.465 0.106 0.001 0.    0.011],[1. 0.],0.3427848127518995,0.3427848127518995
347,000050_4_southeast asian.jpg,Southeast Asian,0,0.82,[0.001 0.01  0.039 0.    0.82  0.129 0.   ],[1. 0.],0.4261831349169793,0.4261831349169793
348,000050_5_east asian.jpg,Southeast Asian,0,0.48,[0.    0.002 0.023 0.    0.494 0.48  0.   ],[1. 0.],0.3774635265234323,0.3774635265234323
349,000050_6_white.jpg,White,0,0.523,[0.001 0.005 0.283 0.187 0.    0.    0.523],[1. 0.],0.3038029083389959,0.3038029083389959
350,000051_0_black.jpg,Black,0,0.973,[0.973 0.001 0.023 0.001 0.    0.    0.002],[1. 0.],0.8530475132103033,0.8530475132103033
351,000051_1_indian.jpg,Indian,0,0.916,[0.007 0.916 0.054 0.018 0.002 0.    0.003],[0.998 0.002],0.9755831290026004,0.9755831290026004
352,000051_2_latino.jpg,Latino,0,0.742,[0.013 0.013 0.742 0.062 0.003 0.002 0.165],[1. 0.],0.9122104337945552,0.9122104337945552
353,000051_3_middle eastern.jpg,Latino,0,0.342,[0.003 0.027 0.427 0.342 0.001 0.001 0.199],[1. 0.],0.9573314532470216,0.9573314532470216
354,000051_4_southeast asian.jpg,East Asian,0,0.102,[0.    0.    0.    0.    0.102 0.897 0.   ],[0.997 0.003],0.8740452366923637,0.8740452366923637
355,000051_5_east asian.jpg,East Asian,0,0.98,[0.    0.    0.    0.    0.019 0.98  0.   ],[0.999 0.001],0.7383029995330648,0.7383029995330648
356,000051_6_white.jpg,Latino,0,0.194,[0.339 0.003 0.431 0.03  0.002 0.001 0.194],[1. 0.],0.9223755498728016,0.9223755498728016
357,000052_0_black.jpg,Black,0,0.997,[0.997 0.    0.003 0.    0.    0.    0.   ],[1. 0.],0.6637119704774559,0.6637119704774559
358,000052_1_indian.jpg,Indian,0,0.968,[0.014 0.968 0.016 0.001 0.001 0.    0.   ],[1. 0.],0.9445673366205072,0.9445673366205072
359,000052_2_latino.jpg,Latino,0,0.728,[0.021 0.127 0.728 0.093 0.003 0.    0.028],[1. 0.],0.892856433583717,0.892856433583717
360,000052_3_middle eastern.jpg,Middle Eastern,0,0.666,[0.002 0.223 0.092 0.666 0.    0.    0.017],[1. 0.],0.9011244860064568,0.9011244860064568
361,000052_4_southeast asian.jpg,Southeast Asian,0,0.853,[0.    0.    0.002 0.    0.853 0.144 0.   ],[0.997 0.003],0.5987127457951857,0.5987127457951857
362,000052_5_east asian.jpg,East Asian,0,0.645,[0.    0.    0.001 0.    0.354 0.645 0.   ],[1. 0.],0.604920136857501,0.604920136857501
363,000052_6_white.jpg,White,0,0.984,[0.    0.    0.003 0.014 0.    0.    0.984],[1. 0.],0.7226576918003904,0.7226576918003904
364,000053_0_black.jpg,Black,0,0.795,[0.795 0.2   0.003 0.002 0.    0.    0.   ],[0.995 0.005],0.5258720801425014,0.5258720801425014
365,000053_1_indian.jpg,Indian,0,0.867,[0.    0.867 0.006 0.126 0.    0.    0.   ],[1. 0.],0.4417137657928998,0.4417137657928998
366,000053_2_latino.jpg,Middle Eastern,0,0.059,[0.    0.152 0.059 0.767 0.002 0.001 0.019],[1. 0.],0.4585454110708042,0.4585454110708042
367,000053_3_middle eastern.jpg,Middle Eastern,0,0.969,[0.    0.011 0.008 0.969 0.    0.    0.012],[1. 0.],0.475355790283261,0.475355790283261
368,000053_4_southeast asian.jpg,Southeast Asian,0,0.442,[0.    0.401 0.065 0.012 0.442 0.078 0.002],[1. 0.],0.504954898043368,0.504954898043368
369,000053_5_east asian.jpg,Southeast Asian,0,0.279,[0.    0.125 0.055 0.046 0.488 0.279 0.006],[1. 0.],0.4760103532611661,0.4760103532611661
370,000053_6_white.jpg,Middle Eastern,0,0.11,[0.    0.038 0.047 0.803 0.001 0.001 0.11 ],[1. 0.],0.4667785181107329,0.4667785181107329
371,000054_0_black.jpg,Black,1,0.872,[0.872 0.014 0.049 0.002 0.054 0.005 0.002],[0.001 0.999],0.4073909814259342,0.4073909814259342
372,000054_1_indian.jpg,Indian,0,0.731,[0.035 0.731 0.076 0.139 0.016 0.    0.002],[0.905 0.095],0.8570835763591822,0.8570835763591822
373,000054_2_latino.jpg,White,1,0.055,[0.    0.001 0.055 0.186 0.113 0.176 0.47 ],[0.002 0.998],0.4839348478448189,0.4839348478448189
374,000054_3_middle eastern.jpg,Middle Eastern,1,0.996,[0.    0.001 0.001 0.996 0.    0.    0.002],[0.033 0.967],0.3580020416218334,0.3580020416218334
375,000054_4_southeast asian.jpg,East Asian,1,0.18,[0.    0.    0.    0.    0.18  0.819 0.001],[0.001 0.999],0.5118862203461694,0.5118862203461694
376,000054_5_east asian.jpg,East Asian,1,0.972,[0.    0.    0.    0.    0.027 0.972 0.001],[0. 1.],0.4483886360965021,0.4483886360965021
377,000054_6_white.jpg,White,1,0.999,[0.    0.    0.    0.    0.    0.    0.999],[0. 1.],0.45812844108191,0.45812844108191
378,000055_0_black.jpg,Black,0,0.677,[0.677 0.287 0.032 0.001 0.003 0.    0.   ],[1. 0.],0.4005601298186361,0.4005601298186361
379,000055_1_indian.jpg,Indian,0,0.995,[0.    0.995 0.005 0.    0.    0.    0.   ],[1. 0.],0.5948601564622216,0.5948601564622216
380,000055_2_latino.jpg,Latino,0,0.522,[0.003 0.453 0.522 0.004 0.011 0.001 0.007],[1. 0.],0.495992488173395,0.495992488173395
381,000055_3_middle eastern.jpg,Indian,0,0.007,[0.    0.815 0.171 0.007 0.001 0.    0.005],[1. 0.],0.5197385668513441,0.5197385668513441
382,000055_4_southeast asian.jpg,Southeast Asian,0,0.909,[0.    0.003 0.005 0.    0.909 0.083 0.   ],[1. 0.],0.3777196381701952,0.3777196381701952
383,000055_5_east asian.jpg,East Asian,0,0.576,[0.    0.001 0.001 0.    0.422 0.576 0.   ],[1. 0.],0.3945425675651002,0.3945425675651002
384,000055_6_white.jpg,White,0,0.855,[0.    0.004 0.128 0.01  0.001 0.001 0.855],[1. 0.],0.41478735933078,0.41478735933078
385,000056_0_black.jpg,Indian,1,0.075,[0.075 0.647 0.254 0.003 0.009 0.001 0.011],[0.009 0.991],0.4038895588579456,0.4038895588579456
386,000056_1_indian.jpg,Indian,0,0.931,[0.    0.931 0.057 0.003 0.006 0.    0.003],[0.673 0.327],0.5082979455128116,0.5082979455128116
387,000056_2_latino.jpg,Latino,1,0.473,[0.001 0.13  0.473 0.221 0.003 0.001 0.172],[0.017 0.983],0.3864670798121672,0.3864670798121672
388,000056_3_middle eastern.jpg,White,1,0.267,[0.    0.102 0.312 0.267 0.002 0.    0.317],[0.184 0.816],0.5054508722807598,0.5054508722807598
389,000056_4_southeast asian.jpg,East Asian,1,0.341,[0.    0.003 0.009 0.    0.341 0.645 0.002],[0.063 0.937],0.3861194438667141,0.3861194438667141
390,000056_5_east asian.jpg,East Asian,1,0.922,[0.    0.    0.001 0.    0.074 0.922 0.003],[0.029 0.971],0.3569980380947333,0.3569980380947333
391,000056_6_white.jpg,White,1,0.956,[0.    0.001 0.022 0.02  0.    0.    0.956],[0.032 0.968],0.3714549992486851,0.3714549992486851
392,000057_0_black.jpg,Black,1,0.962,[0.962 0.023 0.011 0.002 0.001 0.    0.002],[0.025 0.975],0.4108753154559799,0.4108753154559799
393,000057_1_indian.jpg,Indian,1,0.757,[0.001 0.757 0.044 0.178 0.001 0.    0.018],[0.014 0.986],0.4684021015977255,0.4684021015977255
394,000057_2_latino.jpg,White,1,0.219,[0.002 0.045 0.219 0.218 0.006 0.017 0.493],[0.003 0.997],0.5136052722171198,0.5136052722171198
395,000057_3_middle eastern.jpg,White,1,0.419,[0.    0.015 0.075 0.419 0.001 0.005 0.484],[0.003 0.997],0.5339934180810517,0.5339934180810517
396,000057_4_southeast asian.jpg,East Asian,1,0.135,[0.    0.001 0.014 0.001 0.135 0.837 0.013],[0.004 0.996],0.451218555580364,0.451218555580364
397,000057_5_east asian.jpg,East Asian,1,0.965,[0.    0.    0.001 0.    0.029 0.965 0.005],[0.013 0.987],0.495844826378222,0.495844826378222
398,000057_6_white.jpg,White,1,0.942,[0.    0.001 0.009 0.036 0.001 0.011 0.942],[0.011 0.989],0.5990811405208782,0.5990811405208782
399,000058_0_black.jpg,Indian,1,0.018,[0.018 0.448 0.282 0.208 0.015 0.005 0.024],[0. 1.],0.7207844651675759,0.7207844651675759
400,000058_1_indian.jpg,Middle Eastern,1,0.082,[0.    0.082 0.02  0.891 0.    0.    0.007],[0. 1.],0.6628066470072587,0.6628066470072587
401,000058_2_latino.jpg,Middle Eastern,1,0.099,[0.    0.014 0.099 0.737 0.001 0.004 0.146],[0. 1.],0.6683962428258108,0.6683962428258108
402,000058_3_middle eastern.jpg,Middle Eastern,1,0.972,[0.    0.001 0.003 0.972 0.    0.    0.024],[0. 1.],0.5932599258153353,0.5932599258153353
403,000058_4_southeast asian.jpg,East Asian,1,0.188,[0.    0.001 0.005 0.001 0.188 0.803 0.002],[0. 1.],0.820565482606759,0.820565482606759
404,000058_5_east asian.jpg,East Asian,1,0.985,[0.    0.    0.    0.    0.013 0.985 0.002],[0. 1.],0.7713205448025255,0.7713205448025255
405,000058_6_white.jpg,Middle Eastern,1,0.353,[0.    0.001 0.015 0.629 0.    0.001 0.353],[0. 1.],0.8745748917542273,0.8745748917542273
406,000059_0_black.jpg,Black,1,0.997,[0.997 0.    0.002 0.    0.    0.    0.   ],[0.001 0.999],0.6306910311139555,0.6306910311139555
407,000059_1_indian.jpg,Indian,1,0.959,[0.    0.959 0.028 0.002 0.    0.    0.01 ],[0.002 0.998],0.6864697485328601,0.6864697485328601
408,000059_2_latino.jpg,White,1,0.346,[0.001 0.031 0.346 0.037 0.005 0.004 0.577],[0.001 0.999],0.5331952275311651,0.5331952275311651
409,000059_3_middle eastern.jpg,White,1,0.071,[0.    0.01  0.093 0.071 0.001 0.001 0.824],[0.006 0.994],0.4072171064717318,0.4072171064717318
410,000059_4_southeast asian.jpg,Southeast Asian,1,0.503,[0.    0.001 0.011 0.    0.503 0.478 0.006],[0.002 0.998],0.7203378298926404,0.7203378298926404
411,000059_5_east asian.jpg,East Asian,1,0.757,[0.    0.    0.001 0.    0.241 0.757 0.001],[0.002 0.998],0.7186298998345693,0.7186298998345693
412,000059_6_white.jpg,Black,1,0.004,[0.966 0.002 0.027 0.001 0.    0.    0.004],[0.001 0.999],0.7637128210148896,0.7637128210148896
413,000060_0_black.jpg,Black,1,1.0,[1. 0. 0. 0. 0. 0. 0.],[0.023 0.977],0.8558632001661717,0.8558632001661717
414,000060_1_indian.jpg,Indian,0,0.86,[0.115 0.86  0.021 0.001 0.003 0.    0.   ],[1. 0.],0.8471884469429001,0.8471884469429001
415,000060_2_latino.jpg,Latino,0,0.467,[0.166 0.173 0.467 0.045 0.086 0.013 0.049],[1. 0.],0.8740038476322207,0.8740038476322207
416,000060_3_middle eastern.jpg,Middle Eastern,0,0.49,[0.044 0.376 0.069 0.49  0.002 0.    0.019],[1. 0.],0.8455539177414779,0.8455539177414779
417,000060_4_southeast asian.jpg,Southeast Asian,0,0.673,[0.    0.    0.    0.    0.673 0.326 0.   ],[0.977 0.023],0.8556418665591139,0.8556418665591139
418,000060_5_east asian.jpg,East Asian,0,0.771,[0.    0.    0.    0.    0.229 0.771 0.   ],[0.832 0.168],0.7607516489721386,0.7607516489721386
419,000060_6_white.jpg,Black,0,0.0,[1. 0. 0. 0. 0. 0. 0.],[0.994 0.006],0.7390113588233127,0.7390113588233127
420,000061_0_black.jpg,Black,0,0.907,[0.907 0.012 0.044 0.01  0.009 0.008 0.01 ],[0.995 0.005],0.3114468970424271,0.3114468970424271
421,000061_1_indian.jpg,Indian,0,0.51,[0.059 0.51  0.081 0.332 0.003 0.001 0.014],[0.999 0.001],0.4631408422865599,0.4631408422865599
422,000061_2_latino.jpg,Middle Eastern,0,0.233,[0.031 0.104 0.233 0.285 0.034 0.039 0.274],[1. 0.],0.5349823100788265,0.5349823100788265
423,000061_3_middle eastern.jpg,Middle Eastern,0,0.835,[0.003 0.022 0.032 0.835 0.001 0.001 0.106],[1. 0.],0.3666453780210577,0.3666453780210577
424,000061_4_southeast asian.jpg,East Asian,0,0.067,[0.    0.    0.002 0.    0.067 0.927 0.004],[0.999 0.001],0.2503228851450729,0.2503228851450729
425,000061_5_east asian.jpg,East Asian,0,0.966,[0.    0.    0.001 0.    0.03  0.966 0.003],[1. 0.],0.3078217132655303,0.3078217132655303
426,000061_6_white.jpg,White,0,0.899,[0.    0.    0.005 0.089 0.001 0.004 0.899],[0.999 0.001],0.2190137862604844,0.2190137862604844
427,000062_0_black.jpg,Black,1,0.441,[0.441 0.343 0.166 0.034 0.004 0.001 0.012],[0.009 0.991],0.510305960439499,0.510305960439499
428,000062_1_indian.jpg,Middle Eastern,1,0.142,[0.    0.142 0.017 0.786 0.001 0.001 0.053],[0.007 0.993],0.6963523974814367,0.6963523974814367
429,000062_2_latino.jpg,White,1,0.026,[0.    0.01  0.026 0.375 0.001 0.002 0.587],[0.001 0.999],0.4660153474159574,0.4660153474159574
430,000062_3_middle eastern.jpg,White,1,0.427,[0.    0.004 0.008 0.427 0.    0.    0.56 ],[0.001 0.999],0.4469429941216987,0.4469429941216987
431,000062_4_southeast asian.jpg,East Asian,1,0.066,[0.    0.002 0.018 0.017 0.066 0.859 0.038],[0. 1.],0.3388368389987348,0.3388368389987348
432,000062_5_east asian.jpg,East Asian,1,0.969,[0.    0.    0.002 0.001 0.013 0.969 0.014],[0. 1.],0.3618687087870582,0.3618687087870582
433,000062_6_white.jpg,White,1,0.998,[0.    0.    0.    0.001 0.    0.    0.998],[0. 1.],0.4159209691568073,0.4159209691568073
434,000063_0_black.jpg,Black,1,0.958,[0.958 0.001 0.033 0.    0.001 0.    0.007],[0. 1.],0.6754616729176217,0.6754616729176217
435,000063_1_indian.jpg,Latino,1,0.345,[0.005 0.345 0.395 0.168 0.003 0.    0.084],[0. 1.],0.7022528439505396,0.7022528439505396
436,000063_2_latino.jpg,White,1,0.284,[0.001 0.002 0.284 0.02  0.001 0.    0.693],[0. 1.],0.6746910449018304,0.6746910449018304
437,000063_3_middle eastern.jpg,White,1,0.015,[0.    0.    0.037 0.015 0.    0.    0.948],[0. 1.],0.6717973432377098,0.6717973432377098
438,000063_4_southeast asian.jpg,Southeast Asian,1,0.797,[0.    0.001 0.005 0.    0.797 0.196 0.002],[0. 1.],0.612361111731561,0.612361111731561
439,000063_5_east asian.jpg,Southeast Asian,1,0.43,[0.    0.    0.002 0.    0.565 0.43  0.002],[0. 1.],0.6254332376207625,0.6254332376207625
440,000063_6_white.jpg,White,1,0.993,[0.    0.    0.003 0.004 0.    0.    0.993],[0. 1.],0.734506230626129,0.734506230626129
441,000064_0_black.jpg,Black,0,0.999,[0.999 0.    0.    0.    0.    0.    0.   ],[1. 0.],0.4913672290493041,0.4913672290493041
442,000064_1_indian.jpg,Indian,0,0.997,[0.    0.997 0.002 0.001 0.    0.    0.   ],[1. 0.],0.8251353456821875,0.8251353456821875
443,000064_2_latino.jpg,Latino,0,0.341,[0.001 0.102 0.341 0.264 0.001 0.    0.291],[1. 0.],0.7142200849659754,0.7142200849659754
444,000064_3_middle eastern.jpg,Middle Eastern,0,0.639,[0.    0.19  0.078 0.639 0.    0.    0.093],[1. 0.],0.7043236751564506,0.7043236751564506
445,000064_4_southeast asian.jpg,Southeast Asian,0,0.598,[0.    0.009 0.049 0.001 0.598 0.34  0.004],[1. 0.],0.7505756957105287,0.7505756957105287
446,000064_5_east asian.jpg,East Asian,0,0.91,[0.    0.    0.001 0.    0.087 0.91  0.002],[1. 0.],0.6970538236022576,0.6970538236022576
447,000064_6_white.jpg,White,0,1.0,[0. 0. 0. 0. 0. 0. 1.],[1. 0.],0.7840581286604653,0.7840581286604653
448,000065_0_black.jpg,Black,0,0.982,[0.982 0.016 0.001 0.    0.    0.    0.   ],[0.938 0.062],0.367924132798229,0.367924132798229
449,000065_1_indian.jpg,Indian,0,0.984,[0.    0.984 0.005 0.008 0.003 0.    0.   ],[0.997 0.003],0.4217127799775853,0.4217127799775853
450,000065_2_latino.jpg,Middle Eastern,0,0.374,[0.007 0.155 0.374 0.424 0.018 0.001 0.022],[1. 0.],0.3317256379615632,0.3317256379615632
451,000065_3_middle eastern.jpg,Middle Eastern,0,0.978,[0.    0.014 0.006 0.978 0.    0.    0.002],[1. 0.],0.4135532487084341,0.4135532487084341
452,000065_4_southeast asian.jpg,Southeast Asian,0,0.875,[0.002 0.002 0.026 0.001 0.875 0.093 0.002],[1. 0.],0.4117181733930763,0.4117181733930763
453,000065_5_east asian.jpg,East Asian,0,0.578,[0.    0.    0.003 0.    0.417 0.578 0.002],[1. 0.],0.3446139897914537,0.3446139897914537
454,000065_6_white.jpg,White,0,0.583,[0.01  0.008 0.247 0.142 0.01  0.001 0.583],[1. 0.],0.3646106271293408,0.3646106271293408
455,000066_0_black.jpg,Black,1,0.987,[0.987 0.001 0.01  0.    0.001 0.    0.   ],[0. 1.],0.4764654079947779,0.4764654079947779
456,000066_1_indian.jpg,Indian,1,0.373,[0.027 0.373 0.222 0.008 0.351 0.016 0.004],[0. 1.],0.3944711353049377,0.3944711353049377
457,000066_2_latino.jpg,Latino,1,0.567,[0.024 0.07  0.567 0.058 0.185 0.042 0.054],[0. 1.],0.3784773108967694,0.3784773108967694
458,000066_3_middle eastern.jpg,White,1,0.272,[0.003 0.042 0.245 0.272 0.027 0.007 0.404],[0. 1.],0.3976653702031179,0.3976653702031179
459,000066_4_southeast asian.jpg,East Asian,1,0.488,[0.    0.    0.    0.    0.488 0.511 0.   ],[0. 1.],0.4108042032754886,0.4108042032754886
460,000066_5_east asian.jpg,East Asian,1,0.952,[0.    0.    0.    0.    0.048 0.952 0.   ],[0. 1.],0.4265126911171486,0.4265126911171486
461,000066_6_white.jpg,White,1,0.916,[0.    0.001 0.036 0.033 0.005 0.008 0.916],[0. 1.],0.4491379385155862,0.4491379385155862
462,000067_0_black.jpg,Black,0,0.957,[0.957 0.022 0.015 0.004 0.001 0.    0.001],[0.984 0.016],0.60545763889491,0.60545763889491
463,000067_1_indian.jpg,Indian,0,0.484,[0.29  0.484 0.039 0.145 0.    0.    0.042],[1. 0.],0.8882167162104013,0.8882167162104013
464,000067_2_latino.jpg,Middle Eastern,0,0.131,[0.006 0.017 0.131 0.556 0.    0.    0.29 ],[1. 0.],0.7826877574413815,0.7826877574413815
465,000067_3_middle eastern.jpg,Middle Eastern,0,0.947,[0.001 0.01  0.011 0.947 0.    0.    0.032],[1. 0.],0.8118744530319193,0.8118744530319193
466,000067_4_southeast asian.jpg,Southeast Asian,0,0.757,[0.001 0.001 0.01  0.001 0.757 0.222 0.008],[0.993 0.007],0.710774602672815,0.710774602672815
467,000067_5_east asian.jpg,East Asian,0,0.691,[0.    0.    0.002 0.    0.303 0.691 0.004],[0.984 0.016],0.7525911365584934,0.7525911365584934
468,000067_6_white.jpg,White,0,0.939,[0.    0.    0.003 0.058 0.    0.    0.939],[1. 0.],0.8015719403059187,0.8015719403059187
469,000068_0_black.jpg,Black,0,0.999,[0.999 0.    0.001 0.    0.    0.    0.   ],[0.898 0.102],0.915771340775764,0.915771340775764
470,000068_1_indian.jpg,Indian,0,0.979,[0.017 0.979 0.004 0.    0.    0.    0.   ],[1. 0.],0.9234602985746192,0.9234602985746192
471,000068_2_latino.jpg,Indian,0,0.188,[0.086 0.714 0.188 0.003 0.007 0.    0.002],[0.986 0.014],0.8509649564812372,0.8509649564812372
472,000068_3_middle eastern.jpg,Indian,0,0.016,[0.012 0.815 0.151 0.016 0.001 0.    0.005],[0.999 0.001],0.9216404704539324,0.9216404704539324
473,000068_4_southeast asian.jpg,Southeast Asian,1,0.877,[0.041 0.007 0.027 0.    0.877 0.047 0.   ],[0.321 0.679],0.6327859282632067,0.6327859282632067
474,000068_5_east asian.jpg,Southeast Asian,0,0.287,[0.003 0.002 0.011 0.    0.697 0.287 0.   ],[0.813 0.187],0.629638322225158,0.629638322225158
475,000068_6_white.jpg,White,0,0.95,[0.    0.    0.011 0.038 0.001 0.    0.95 ],[0.826 0.174],0.8570660473230547,0.8570660473230547
476,000069_0_black.jpg,Black,0,0.977,[0.977 0.001 0.015 0.004 0.    0.    0.003],[1. 0.],0.5680708654443971,0.5680708654443971
477,000069_1_indian.jpg,Indian,0,0.564,[0.048 0.564 0.312 0.044 0.018 0.003 0.011],[1. 0.],0.8836919661273355,0.8836919661273355
478,000069_2_latino.jpg,Middle Eastern,0,0.335,[0.003 0.025 0.335 0.455 0.002 0.001 0.178],[1. 0.],0.716663983685234,0.716663983685234
479,000069_3_middle eastern.jpg,Middle Eastern,0,0.519,[0.001 0.02  0.127 0.519 0.002 0.001 0.33 ],[1. 0.],0.7959237336174327,0.7959237336174327
480,000069_4_southeast asian.jpg,Southeast Asian,0,0.582,[0.011 0.002 0.102 0.    0.582 0.3   0.003],[1. 0.],0.5027502275883564,0.5027502275883564
481,000069_5_east asian.jpg,East Asian,0,0.491,[0.005 0.002 0.118 0.002 0.368 0.491 0.015],[1. 0.],0.5362974234850428,0.5362974234850428
482,000069_6_white.jpg,White,0,0.815,[0.    0.001 0.011 0.173 0.    0.    0.815],[1. 0.],0.6806362129341521,0.6806362129341521
483,000070_0_black.jpg,Black,0,0.998,[0.998 0.001 0.001 0.    0.    0.    0.   ],[0.993 0.007],0.4875443525799987,0.4875443525799987
484,000070_1_indian.jpg,Indian,0,0.816,[0.063 0.816 0.101 0.013 0.004 0.    0.001],[0.988 0.012],0.5272290943615816,0.5272290943615816
485,000070_2_latino.jpg,Latino,0,0.51,[0.09  0.286 0.51  0.065 0.028 0.006 0.013],[0.997 0.003],0.4906774439897661,0.4906774439897661
486,000070_3_middle eastern.jpg,Latino,0,0.368,[0.096 0.099 0.396 0.368 0.002 0.001 0.038],[0.998 0.002],0.5610827464867012,0.5610827464867012
487,000070_4_southeast asian.jpg,Southeast Asian,0,0.942,[0.009 0.004 0.003 0.    0.942 0.041 0.   ],[0.933 0.067],0.5598503616098063,0.5598503616098063
488,000070_5_east asian.jpg,East Asian,0,0.75,[0.    0.    0.001 0.    0.248 0.75  0.   ],[0.967 0.033],0.4798237327179877,0.4798237327179877
489,000070_6_white.jpg,Middle Eastern,0,0.423,[0.016 0.004 0.11  0.443 0.002 0.002 0.423],[0.998 0.002],0.5660030682327102,0.5660030682327102
490,000071_0_black.jpg,Black,1,0.999,[0.999 0.    0.001 0.    0.    0.    0.   ],[0. 1.],0.7083545504266433,0.7083545504266433
491,000071_1_indian.jpg,Indian,1,0.999,[0.    0.999 0.001 0.    0.    0.    0.   ],[0.004 0.996],0.8216354317807162,0.8216354317807162
492,000071_2_latino.jpg,Black,1,0.178,[0.67  0.088 0.178 0.002 0.001 0.    0.061],[0. 1.],0.8039104626495914,0.8039104626495914
493,000071_3_middle eastern.jpg,White,1,0.073,[0.005 0.017 0.12  0.073 0.    0.    0.785],[0. 1.],0.6789604717203828,0.6789604717203828
494,000071_4_southeast asian.jpg,Southeast Asian,1,0.959,[0.001 0.007 0.006 0.    0.959 0.027 0.   ],[0. 1.],0.7386699134657775,0.7386699134657775
495,000071_5_east asian.jpg,Southeast Asian,1,0.119,[0.006 0.007 0.02  0.    0.845 0.119 0.003],[0. 1.],0.7659679361338829,0.7659679361338829
496,000071_6_white.jpg,White,1,0.999,[0.    0.    0.001 0.001 0.    0.    0.999],[0. 1.],0.8453572671653706,0.8453572671653706
497,000072_0_black.jpg,Black,0,0.869,[0.869 0.11  0.019 0.001 0.    0.    0.   ],[1. 0.],0.4934410344179414,0.4934410344179414
498,000072_1_indian.jpg,Indian,0,0.949,[0.002 0.949 0.039 0.009 0.    0.    0.001],[1. 0.],0.5797793298685094,0.5797793298685094
499,000072_2_latino.jpg,Latino,0,0.469,[0.004 0.32  0.469 0.171 0.002 0.    0.034],[1. 0.],0.5317011786319574,0.5317011786319574
500,000072_3_middle eastern.jpg,Middle Eastern,0,0.471,[0.001 0.297 0.193 0.471 0.    0.    0.038],[1. 0.],0.5600814762557913,0.5600814762557913
501,000072_4_southeast asian.jpg,Southeast Asian,0,0.552,[0.    0.001 0.013 0.    0.552 0.433 0.   ],[1. 0.],0.6204609279789781,0.6204609279789781
502,000072_5_east asian.jpg,East Asian,0,0.899,[0.    0.    0.002 0.    0.099 0.899 0.   ],[1. 0.],0.611363228111576,0.611363228111576
503,000072_6_white.jpg,Black,0,0.002,[0.465 0.366 0.156 0.01  0.001 0.    0.002],[1. 0.],0.4957610946749473,0.4957610946749473
504,000073_0_black.jpg,Black,1,0.562,[0.562 0.014 0.378 0.006 0.006 0.004 0.031],[0. 1.],0.7708964319284237,0.7708964319284237
505,000073_1_indian.jpg,Indian,1,0.995,[0.    0.995 0.003 0.001 0.    0.    0.001],[0.001 0.999],0.9322684247844812,0.9322684247844812
506,000073_2_latino.jpg,White,1,0.41,[0.001 0.011 0.41  0.082 0.002 0.004 0.489],[0. 1.],0.7574654287874072,0.7574654287874072
507,000073_3_middle eastern.jpg,White,1,0.229,[0.001 0.017 0.237 0.229 0.    0.    0.515],[0. 1.],0.8121014994143516,0.8121014994143516
508,000073_4_southeast asian.jpg,East Asian,1,0.311,[0.    0.004 0.044 0.    0.311 0.635 0.005],[0. 1.],0.6611989275690793,0.6611989275690793
509,000073_5_east asian.jpg,East Asian,1,0.913,[0.    0.001 0.012 0.    0.069 0.913 0.005],[0. 1.],0.576190118093963,0.576190118093963
510,000073_6_white.jpg,White,1,0.894,[0.    0.001 0.031 0.074 0.    0.001 0.894],[0. 1.],0.558971123590748,0.558971123590748
511,000074_0_black.jpg,Latino,1,0.287,[0.287 0.025 0.494 0.008 0.071 0.066 0.049],[0.003 0.997],0.9464571379224178,0.9464571379224178
512,000074_1_indian.jpg,Latino,1,0.216,[0.159 0.216 0.546 0.008 0.048 0.005 0.018],[0.014 0.986],0.9910476683953526,0.9910476683953526
513,000074_2_latino.jpg,White,1,0.273,[0.001 0.005 0.273 0.072 0.009 0.018 0.621],[0.004 0.996],0.9198703359398008,0.9198703359398008
514,000074_3_middle eastern.jpg,White,1,0.064,[0.    0.008 0.165 0.064 0.005 0.017 0.741],[0.012 0.988],0.9059814436470786,0.9059814436470786
515,000074_4_southeast asian.jpg,East Asian,1,0.389,[0.002 0.003 0.141 0.003 0.389 0.439 0.024],[0.019 0.981],0.91044388536281,0.91044388536281
516,000074_5_east asian.jpg,East Asian,1,0.662,[0.    0.001 0.05  0.018 0.091 0.662 0.178],[0.019 0.981],0.8807728887981043,0.8807728887981043
517,000074_6_white.jpg,White,1,0.93,[0.    0.    0.019 0.026 0.003 0.021 0.93 ],[0.004 0.996],0.832262415860233,0.832262415860233
518,000075_0_black.jpg,Black,1,0.906,[0.906 0.001 0.061 0.015 0.008 0.002 0.007],[0. 1.],0.995243290978769,0.995243290978769
519,000075_1_indian.jpg,Indian,0,0.812,[0.003 0.812 0.019 0.154 0.001 0.    0.011],[0.875 0.125],0.9977801682769132,0.9977801682769132
520,000075_2_latino.jpg,Middle Eastern,1,0.046,[0.001 0.001 0.046 0.486 0.005 0.009 0.452],[0.001 0.999],0.9866771419811732,0.9866771419811732
521,000075_3_middle eastern.jpg,Middle Eastern,1,0.462,[0.005 0.001 0.08  0.462 0.001 0.002 0.449],[0.097 0.903],0.9898265109238232,0.9898265109238232
522,000075_4_southeast asian.jpg,Southeast Asian,1,0.626,[0.002 0.002 0.012 0.001 0.626 0.357 0.001],[0.003 0.997],0.9824049355751304,0.9824049355751304
523,000075_5_east asian.jpg,East Asian,1,0.926,[0.002 0.    0.002 0.002 0.052 0.926 0.016],[0.134 0.866],0.993500945466722,0.993500945466722
524,000075_6_white.jpg,White,1,0.995,[0.    0.    0.001 0.004 0.    0.    0.995],[0.001 0.999],0.9658195882933986,0.9658195882933986
525,000076_0_black.jpg,Black,0,0.992,[0.992 0.004 0.003 0.    0.    0.    0.   ],[0.985 0.015],0.7120843043853646,0.7120843043853646
526,000076_1_indian.jpg,Indian,0,0.991,[0.001 0.991 0.004 0.003 0.    0.    0.   ],[1. 0.],0.8826170086457865,0.8826170086457865
527,000076_2_latino.jpg,Middle Eastern,0,0.145,[0.002 0.4   0.145 0.425 0.001 0.    0.026],[1. 0.],0.8013788381871922,0.8013788381871922
528,000076_3_middle eastern.jpg,Middle Eastern,0,0.848,[0.    0.129 0.017 0.848 0.    0.    0.006],[1. 0.],0.8023724894932442,0.8023724894932442
529,000076_4_southeast asian.jpg,Southeast Asian,0,0.864,[0.019 0.005 0.018 0.    0.864 0.093 0.   ],[1. 0.],0.6298080928079235,0.6298080928079235
530,000076_5_east asian.jpg,Southeast Asian,0,0.485,[0.003 0.003 0.01  0.    0.497 0.485 0.001],[1. 0.],0.6493025567626212,0.6493025567626212
531,000076_6_white.jpg,Black,0,0.005,[0.839 0.08  0.058 0.018 0.001 0.    0.005],[1. 0.],0.7773041899343536,0.7773041899343536
532,000077_0_black.jpg,Indian,1,0.235,[0.235 0.531 0.198 0.001 0.027 0.005 0.004],[0. 1.],0.8999671635744586,0.8999671635744586
533,000077_1_indian.jpg,Indian,1,0.978,[0.    0.978 0.009 0.012 0.    0.    0.   ],[0. 1.],0.9394709664267904,0.9394709664267904
534,000077_2_latino.jpg,Indian,1,0.325,[0.    0.522 0.325 0.121 0.002 0.002 0.028],[0. 1.],0.9266494671328368,0.9266494671328368
535,000077_3_middle eastern.jpg,Indian,1,0.198,[0.    0.549 0.224 0.198 0.001 0.001 0.028],[0. 1.],0.9053616634779212,0.9053616634779212
536,000077_4_southeast asian.jpg,East Asian,1,0.33,[0.    0.001 0.002 0.    0.33  0.667 0.   ],[0. 1.],0.8476839251912194,0.8476839251912194
537,000077_5_east asian.jpg,East Asian,1,0.949,[0.    0.    0.    0.    0.051 0.949 0.   ],[0. 1.],0.847940982001103,0.847940982001103
538,000077_6_white.jpg,Latino,1,0.07,[0.    0.294 0.569 0.057 0.004 0.006 0.07 ],[0. 1.],0.911627717555978,0.911627717555978
539,000078_0_black.jpg,East Asian,1,0.121,[0.121 0.007 0.221 0.005 0.223 0.415 0.009],[0. 1.],0.9936182449278484,0.9936182449278484
540,000078_1_indian.jpg,Indian,1,0.74,[0.    0.74  0.09  0.144 0.002 0.001 0.023],[0. 1.],0.9916900368757472,0.9916900368757472
541,000078_2_latino.jpg,Latino,1,0.508,[0.002 0.013 0.508 0.118 0.036 0.104 0.218],[0. 1.],0.983402263363224,0.983402263363224
542,000078_3_middle eastern.jpg,White,1,0.376,[0.    0.003 0.113 0.376 0.001 0.003 0.503],[0. 1.],0.9937623447200412,0.9937623447200412
543,000078_4_southeast asian.jpg,East Asian,1,0.102,[0.    0.001 0.007 0.001 0.102 0.887 0.002],[0. 1.],0.9809250944341212,0.9809250944341212
544,000078_5_east asian.jpg,East Asian,1,0.965,[0.    0.    0.001 0.    0.033 0.965 0.001],[0. 1.],0.972883032282604,0.972883032282604
545,000078_6_white.jpg,Latino,1,0.088,[0.027 0.004 0.408 0.014 0.145 0.315 0.088],[0. 1.],0.9756501638815332,0.9756501638815332
546,000079_0_black.jpg,Black,0,0.993,[0.993 0.004 0.002 0.    0.    0.    0.   ],[1. 0.],0.6281103258843748,0.6281103258843748
547,000079_1_indian.jpg,Indian,0,0.974,[0.004 0.974 0.021 0.001 0.001 0.    0.   ],[1. 0.],0.6543621823141883,0.6543621823141883
548,000079_2_latino.jpg,Latino,0,0.801,[0.042 0.078 0.801 0.035 0.005 0.    0.038],[1. 0.],0.5664714479571713,0.5664714479571713
549,000079_3_middle eastern.jpg,Latino,0,0.226,[0.011 0.07  0.586 0.226 0.001 0.    0.105],[0.999 0.001],0.6112645272973631,0.6112645272973631
550,000079_4_southeast asian.jpg,Southeast Asian,0,0.821,[0.002 0.002 0.045 0.    0.821 0.129 0.   ],[1. 0.],0.4652187590032488,0.4652187590032488
551,000079_5_east asian.jpg,Southeast Asian,0,0.312,[0.002 0.001 0.022 0.    0.664 0.312 0.   ],[1. 0.],0.5863135056127236,0.5863135056127236
552,000079_6_white.jpg,Latino,0,0.214,[0.076 0.026 0.599 0.074 0.01  0.001 0.214],[1. 0.],0.6427616782650702,0.6427616782650702
553,000080_0_black.jpg,Black,0,0.999,[0.999 0.    0.    0.    0.    0.    0.   ],[0.509 0.491],0.9338754382400484,0.9338754382400484
554,000080_1_indian.jpg,Indian,0,0.946,[0.016 0.946 0.029 0.007 0.002 0.    0.001],[0.999 0.001],0.9838844751056846,0.9838844751056846
555,000080_2_latino.jpg,Latino,0,0.387,[0.097 0.385 0.387 0.072 0.012 0.007 0.04 ],[1. 0.],0.9363816951082772,0.9363816951082772
556,000080_3_middle eastern.jpg,Latino,0,0.231,[0.036 0.156 0.413 0.231 0.003 0.001 0.159],[1. 0.],0.9684873352763212,0.9684873352763212
557,000080_4_southeast asian.jpg,Southeast Asian,0,0.509,[0.001 0.    0.001 0.    0.509 0.488 0.   ],[1. 0.],0.8421621634106797,0.8421621634106797
558,000080_5_east asian.jpg,East Asian,0,0.93,[0.   0.   0.   0.   0.07 0.93 0.  ],[0.999 0.001],0.9284767286107792,0.9284767286107792
559,000080_6_white.jpg,White,0,0.658,[0.002 0.019 0.106 0.176 0.011 0.029 0.658],[1. 0.],0.9574468026469404,0.9574468026469404
560,000081_0_black.jpg,Black,1,0.997,[0.997 0.001 0.002 0.    0.    0.    0.   ],[0.002 0.998],0.7935891497036407,0.7935891497036407
561,000081_1_indian.jpg,Indian,0,0.993,[0.    0.993 0.006 0.001 0.    0.    0.   ],[1. 0.],0.8427017854244836,0.8427017854244836
562,000081_2_latino.jpg,Latino,0,0.503,[0.003 0.221 0.503 0.205 0.007 0.001 0.061],[1. 0.],0.7066997141935198,0.7066997141935198
563,000081_3_middle eastern.jpg,Middle Eastern,0,0.753,[0.001 0.139 0.08  0.753 0.    0.    0.026],[1. 0.],0.7773260503698849,0.7773260503698849
564,000081_4_southeast asian.jpg,Southeast Asian,0,0.663,[0.    0.    0.004 0.    0.663 0.332 0.   ],[1. 0.],0.6337486794537719,0.6337486794537719
565,000081_5_east asian.jpg,East Asian,0,0.881,[0.    0.    0.    0.    0.118 0.881 0.   ],[0.999 0.001],0.5616939281422997,0.5616939281422997
566,000081_6_white.jpg,Black,0,0.015,[0.456 0.165 0.308 0.053 0.003 0.    0.015],[0.999 0.001],0.7197271874585205,0.7197271874585205
567,000082_0_black.jpg,Black,0,0.841,[0.841 0.147 0.01  0.    0.001 0.    0.   ],[1. 0.],0.8590448527535741,0.8590448527535741
568,000082_1_indian.jpg,Indian,0,0.999,[0.    0.999 0.001 0.    0.    0.    0.   ],[1. 0.],0.9228536462991066,0.9228536462991066
569,000082_2_latino.jpg,Indian,0,0.376,[0.004 0.537 0.376 0.05  0.002 0.    0.03 ],[1. 0.],0.9335277044840004,0.9335277044840004
570,000082_3_middle eastern.jpg,Indian,0,0.239,[0.001 0.517 0.198 0.239 0.001 0.    0.045],[1. 0.],0.8860939420018104,0.8860939420018104
571,000082_4_southeast asian.jpg,Southeast Asian,0,0.908,[0.001 0.024 0.025 0.    0.908 0.042 0.   ],[1. 0.],0.8969609758786017,0.8969609758786017
572,000082_5_east asian.jpg,Southeast Asian,0,0.205,[0.    0.006 0.019 0.    0.77  0.205 0.001],[1. 0.],0.831618230176278,0.831618230176278
573,000082_6_white.jpg,White,0,0.996,[0.    0.    0.001 0.003 0.    0.    0.996],[1. 0.],0.8735476170111145,0.8735476170111145
574,000083_0_black.jpg,Latino,1,0.316,[0.316 0.046 0.563 0.01  0.034 0.003 0.027],[0. 1.],0.8857635937217403,0.8857635937217403
575,000083_1_indian.jpg,Indian,1,0.764,[0.    0.764 0.055 0.172 0.    0.    0.009],[0. 1.],0.8639187562985471,0.8639187562985471
576,000083_2_latino.jpg,White,1,0.238,[0.    0.007 0.238 0.29  0.002 0.002 0.461],[0. 1.],0.8628161359812252,0.8628161359812252
577,000083_3_middle eastern.jpg,Middle Eastern,1,0.536,[0.    0.002 0.035 0.536 0.    0.    0.427],[0. 1.],0.8804249775576041,0.8804249775576041
578,000083_4_southeast asian.jpg,East Asian,1,0.214,[0.    0.    0.001 0.    0.214 0.785 0.   ],[0. 1.],0.8298063649576559,0.8298063649576559
579,000083_5_east asian.jpg,East Asian,1,0.954,[0.    0.    0.    0.    0.046 0.954 0.   ],[0. 1.],0.810612768715659,0.810612768715659
580,000083_6_white.jpg,White,1,0.978,[0.    0.    0.001 0.021 0.    0.    0.978],[0. 1.],0.8968494168673542,0.8968494168673542
581,000084_0_black.jpg,Black,1,1.0,[1. 0. 0. 0. 0. 0. 0.],[0.006 0.994],0.5088879584388775,0.5088879584388775
582,000084_1_indian.jpg,Indian,1,0.999,[0.    0.999 0.    0.    0.001 0.    0.   ],[0.001 0.999],0.5060758170331034,0.5060758170331034
583,000084_2_latino.jpg,Latino,1,0.421,[0.176 0.189 0.421 0.004 0.193 0.006 0.011],[0. 1.],0.5654527751350142,0.5654527751350142
584,000084_3_middle eastern.jpg,White,1,0.141,[0.002 0.01  0.117 0.141 0.006 0.001 0.723],[0.01 0.99],0.4878117772392862,0.4878117772392862
585,000084_4_southeast asian.jpg,Southeast Asian,1,0.878,[0.    0.    0.    0.    0.878 0.121 0.   ],[0.009 0.991],0.5244494142144367,0.5244494142144367
586,000084_5_east asian.jpg,East Asian,1,0.866,[0.    0.    0.    0.    0.134 0.866 0.   ],[0.001 0.999],0.4014082509824959,0.4014082509824959
587,000084_6_white.jpg,White,1,0.996,[0.    0.    0.002 0.002 0.    0.    0.996],[0.001 0.999],0.3343294805254448,0.3343294805254448
588,000085_0_black.jpg,Latino,1,0.005,[0.005 0.045 0.882 0.008 0.006 0.004 0.049],[0. 1.],0.914122020507122,0.914122020507122
589,000085_1_indian.jpg,Indian,1,0.986,[0.    0.986 0.007 0.004 0.    0.    0.002],[0. 1.],0.991576131046494,0.991576131046494
590,000085_2_latino.jpg,Latino,1,0.58,[0.    0.013 0.58  0.133 0.001 0.003 0.269],[0. 1.],0.910973383986064,0.910973383986064
591,000085_3_middle eastern.jpg,White,1,0.371,[0.    0.008 0.233 0.371 0.    0.    0.387],[0. 1.],0.949559902298504,0.949559902298504
592,000085_4_southeast asian.jpg,East Asian,1,0.256,[0.    0.002 0.024 0.    0.256 0.715 0.003],[0. 1.],0.8833059434506683,0.8833059434506683
593,000085_5_east asian.jpg,East Asian,1,0.913,[0.    0.    0.011 0.    0.071 0.913 0.004],[0. 1.],0.8654430408842628,0.8654430408842628
594,000085_6_white.jpg,White,1,0.971,[0.    0.    0.004 0.025 0.    0.    0.971],[0. 1.],0.7894381996387061,0.7894381996387061
595,000086_0_black.jpg,Black,1,0.981,[0.981 0.001 0.01  0.001 0.002 0.002 0.003],[0.081 0.919],0.1008418549383618,0.1008418549383618
596,000086_1_indian.jpg,Indian,1,0.999,[0.    0.999 0.    0.    0.    0.    0.   ],[0.003 0.997],0.3145686650498567,0.3145686650498567
597,000086_2_latino.jpg,Latino,1,0.419,[0.049 0.018 0.419 0.097 0.009 0.009 0.4  ],[0.003 0.997],0.1646044146534271,0.1646044146534271
598,000086_3_middle eastern.jpg,White,1,0.168,[0.008 0.004 0.217 0.168 0.001 0.001 0.602],[0.003 0.997],0.2922444538408753,0.2922444538408753
599,000086_4_southeast asian.jpg,Southeast Asian,1,0.586,[0.001 0.004 0.134 0.007 0.586 0.254 0.015],[0.003 0.997],0.3102712847675155,0.3102712847675155
600,000086_5_east asian.jpg,East Asian,1,0.548,[0.001 0.    0.02  0.001 0.422 0.548 0.008],[0.004 0.996],0.0,0.0
601,000086_6_white.jpg,White,1,0.997,[0.    0.    0.    0.003 0.    0.    0.997],[0.017 0.983],0.1346562945590279,0.1346562945590279
602,000087_0_black.jpg,Black,1,0.965,[0.965 0.003 0.028 0.    0.001 0.    0.003],[0.004 0.996],0.4576597527103463,0.4576597527103463
603,000087_1_indian.jpg,Indian,1,0.84,[0.002 0.84  0.125 0.026 0.002 0.    0.005],[0.019 0.981],0.4255979070209754,0.4255979070209754
604,000087_2_latino.jpg,Latino,1,0.687,[0.008 0.027 0.687 0.099 0.004 0.001 0.174],[0.001 0.999],0.4765739185758963,0.4765739185758963
605,000087_3_middle eastern.jpg,White,1,0.352,[0.001 0.005 0.163 0.352 0.001 0.    0.478],[0.002 0.998],0.4499931263331418,0.4499931263331418
606,000087_4_southeast asian.jpg,Southeast Asian,1,0.692,[0.    0.001 0.004 0.    0.692 0.303 0.   ],[0.021 0.979],0.4636629683492135,0.4636629683492135
607,000087_5_east asian.jpg,East Asian,1,0.767,[0.    0.    0.001 0.    0.232 0.767 0.   ],[0.022 0.978],0.4461613896242624,0.4461613896242624
608,000087_6_white.jpg,Black,1,0.011,[0.756 0.013 0.212 0.002 0.006 0.001 0.011],[0.001 0.999],0.4516905900294727,0.4516905900294727
609,000088_0_black.jpg,Black,1,0.95,[0.95  0.007 0.006 0.    0.028 0.007 0.002],[0. 1.],0.9852273615968764,0.9852273615968764
610,000088_1_indian.jpg,Black,1,0.052,[0.457 0.052 0.042 0.006 0.348 0.07  0.025],[0.001 0.999],0.9846135357232596,0.9846135357232596
611,000088_2_latino.jpg,East Asian,1,0.072,[0.003 0.007 0.072 0.008 0.405 0.461 0.044],[0. 1.],0.9032206166971168,0.9032206166971168
612,000088_3_middle eastern.jpg,Southeast Asian,1,0.008,[0.022 0.005 0.104 0.008 0.512 0.229 0.12 ],[0.001 0.999],0.9761576998339788,0.9761576998339788
613,000088_4_southeast asian.jpg,Southeast Asian,1,0.586,[0.    0.001 0.005 0.    0.586 0.406 0.002],[0. 1.],0.9716645575745056,0.9716645575745056
614,000088_5_east asian.jpg,East Asian,1,0.777,[0.    0.    0.003 0.    0.2   0.777 0.02 ],[0. 1.],0.9835766112080664,0.9835766112080664
615,000088_6_white.jpg,White,1,0.623,[0.    0.    0.027 0.008 0.063 0.278 0.623],[0. 1.],0.9387982104397892,0.9387982104397892
616,000089_0_black.jpg,Indian,1,0.041,[0.041 0.914 0.042 0.    0.002 0.    0.001],[0. 1.],0.9423212555863932,0.9423212555863932
617,000089_1_indian.jpg,Indian,1,0.997,[0.    0.997 0.002 0.    0.    0.    0.   ],[0.003 0.997],0.9290715526623684,0.9290715526623684
618,000089_2_latino.jpg,Indian,1,0.318,[0.    0.603 0.318 0.03  0.001 0.    0.048],[0. 1.],0.8048814859400313,0.8048814859400313
619,000089_3_middle eastern.jpg,Indian,1,0.144,[0.    0.341 0.241 0.144 0.    0.    0.273],[0. 1.],0.8432535659362188,0.8432535659362188
620,000089_4_southeast asian.jpg,Indian,1,0.312,[0.001 0.601 0.076 0.    0.312 0.009 0.001],[0. 1.],0.6285699319312008,0.6285699319312008
621,000089_5_east asian.jpg,East Asian,1,0.846,[0.    0.003 0.018 0.001 0.126 0.846 0.007],[0. 1.],0.6580010642381622,0.6580010642381622
622,000089_6_white.jpg,White,1,0.906,[0.    0.003 0.026 0.064 0.    0.001 0.906],[0. 1.],0.8468452288377109,0.8468452288377109
623,000090_0_black.jpg,Black,0,0.999,[0.999 0.    0.    0.    0.    0.    0.   ],[0.992 0.008],0.475113416177376,0.475113416177376
624,000090_1_indian.jpg,Indian,0,0.515,[0.431 0.515 0.03  0.016 0.005 0.    0.003],[0.991 0.009],0.5206214851292319,0.5206214851292319
625,000090_2_latino.jpg,White,0,0.141,[0.016 0.135 0.141 0.217 0.012 0.001 0.477],[1. 0.],0.5247906069147619,0.5247906069147619
626,000090_3_middle eastern.jpg,Middle Eastern,0,0.643,[0.001 0.023 0.042 0.643 0.001 0.    0.289],[0.999 0.001],0.6087181931718588,0.6087181931718588
627,000090_4_southeast asian.jpg,Southeast Asian,0,0.877,[0.09  0.023 0.004 0.    0.877 0.007 0.   ],[0.997 0.003],0.5188965841488866,0.5188965841488866
628,000090_5_east asian.jpg,Southeast Asian,0,0.148,[0.    0.    0.    0.    0.851 0.148 0.   ],[1. 0.],0.5953183194375473,0.5953183194375473
629,000090_6_white.jpg,White,0,0.995,[0.    0.    0.001 0.004 0.    0.    0.995],[1. 0.],0.581236113151695,0.581236113151695
630,000091_0_black.jpg,Black,0,0.94,[0.94  0.026 0.03  0.001 0.001 0.    0.001],[0.926 0.074],0.9049113566708872,0.9049113566708872
631,000091_1_indian.jpg,Indian,0,0.99,[0.002 0.99  0.004 0.003 0.    0.    0.   ],[0.985 0.015],0.968885597870632,0.968885597870632
632,000091_2_latino.jpg,Latino,0,0.664,[0.011 0.099 0.664 0.125 0.004 0.002 0.095],[0.998 0.002],0.951510819982582,0.951510819982582
633,000091_3_middle eastern.jpg,Middle Eastern,0,0.508,[0.002 0.175 0.224 0.508 0.    0.    0.09 ],[0.999 0.001],0.9320847518680389,0.9320847518680389
634,000091_4_southeast asian.jpg,Southeast Asian,0,0.866,[0.001 0.001 0.014 0.    0.866 0.118 0.   ],[0.997 0.003],0.8940506495142528,0.8940506495142528
635,000091_5_east asian.jpg,East Asian,0,0.933,[0.    0.    0.    0.    0.066 0.933 0.001],[0.94 0.06],0.870897914997895,0.870897914997895
636,000091_6_white.jpg,White,0,0.99,[0.    0.    0.001 0.008 0.    0.    0.99 ],[1. 0.],0.916960358219508,0.916960358219508
637,000092_0_black.jpg,Black,1,0.992,[0.992 0.    0.006 0.    0.    0.    0.002],[0. 1.],0.9474195406001316,0.9474195406001316
638,000092_1_indian.jpg,Indian,1,0.55,[0.002 0.55  0.304 0.126 0.    0.    0.018],[0.006 0.994],0.9779404982124618,0.9779404982124618
639,000092_2_latino.jpg,White,1,0.009,[0.    0.    0.009 0.051 0.    0.    0.94 ],[0. 1.],0.9321173014016724,0.9321173014016724
640,000092_3_middle eastern.jpg,White,0,0.372,[0.    0.    0.004 0.372 0.    0.    0.624],[0.999 0.001],0.9371038405599568,0.9371038405599568
641,000092_4_southeast asian.jpg,Southeast Asian,1,0.528,[0.    0.    0.006 0.    0.528 0.465 0.001],[0.001 0.999],0.9169182208844552,0.9169182208844552
642,000092_5_east asian.jpg,East Asian,1,0.937,[0.    0.    0.001 0.    0.056 0.937 0.006],[0. 1.],0.9229823037049704,0.9229823037049704
643,000092_6_white.jpg,White,1,1.0,[0. 0. 0. 0. 0. 0. 1.],[0.001 0.999],0.9548672952624048,0.9548672952624048
644,000093_0_black.jpg,Latino,1,0.114,[0.114 0.048 0.435 0.16  0.097 0.095 0.05 ],[0.002 0.998],0.9558875953642773,0.9558875953642773
645,000093_1_indian.jpg,Indian,1,0.504,[0.    0.504 0.041 0.425 0.002 0.    0.029],[0.002 0.998],0.9958300998116308,0.9958300998116308
646,000093_2_latino.jpg,Middle Eastern,1,0.113,[0.    0.108 0.113 0.706 0.006 0.002 0.064],[0.04 0.96],0.9837753106649052,0.9837753106649052
647,000093_3_middle eastern.jpg,Middle Eastern,1,0.982,[0.    0.008 0.001 0.982 0.007 0.    0.001],[0.016 0.984],0.9778087096168976,0.9778087096168976
648,000093_4_southeast asian.jpg,East Asian,1,0.372,[0.    0.013 0.033 0.009 0.372 0.564 0.009],[0.002 0.998],0.9850818811959758,0.9850818811959758
649,000093_5_east asian.jpg,East Asian,1,0.976,[0.    0.    0.    0.    0.023 0.976 0.001],[0. 1.],0.9870325355330254,0.9870325355330254
650,000093_6_white.jpg,White,1,0.628,[0.    0.001 0.056 0.223 0.014 0.077 0.628],[0. 1.],0.967123061123478,0.967123061123478
651,000094_0_black.jpg,Black,1,0.517,[0.517 0.015 0.265 0.031 0.022 0.014 0.135],[0. 1.],0.8122941848564948,0.8122941848564948
652,000094_1_indian.jpg,Indian,0,0.906,[0.011 0.906 0.048 0.021 0.01  0.001 0.003],[0.561 0.439],0.9906679255768154,0.9906679255768154
653,000094_2_latino.jpg,White,1,0.018,[0.    0.001 0.018 0.096 0.002 0.002 0.881],[0. 1.],0.901516639469922,0.901516639469922
654,000094_3_middle eastern.jpg,White,1,0.353,[0.    0.006 0.033 0.353 0.004 0.002 0.601],[0. 1.],0.7460398708383043,0.7460398708383043
655,000094_4_southeast asian.jpg,East Asian,1,0.134,[0.    0.    0.    0.    0.134 0.865 0.001],[0. 1.],0.9028248506717532,0.9028248506717532
656,000094_5_east asian.jpg,East Asian,1,0.969,[0.    0.    0.    0.    0.025 0.969 0.006],[0. 1.],0.9015261044380654,0.9015261044380654
657,000094_6_white.jpg,White,1,0.997,[0.    0.    0.    0.002 0.    0.    0.997],[0. 1.],0.8878536338694836,0.8878536338694836
658,000095_0_black.jpg,Black,0,0.977,[0.977 0.002 0.014 0.002 0.004 0.    0.001],[0.769 0.231],0.6470142766865812,0.6470142766865812
659,000095_1_indian.jpg,Black,0,0.07,[0.401 0.07  0.253 0.24  0.023 0.002 0.01 ],[0.962 0.038],0.5684392216241647,0.5684392216241647
660,000095_2_latino.jpg,Latino,0,0.403,[0.078 0.005 0.403 0.376 0.027 0.007 0.104],[0.888 0.112],0.5716216905070803,0.5716216905070803
661,000095_3_middle eastern.jpg,Middle Eastern,0,0.549,[0.002 0.002 0.115 0.549 0.005 0.003 0.324],[0.976 0.024],0.6172582208992476,0.6172582208992476
662,000095_4_southeast asian.jpg,Southeast Asian,0,0.747,[0.044 0.001 0.049 0.001 0.747 0.156 0.002],[0.841 0.159],0.6134484553225663,0.6134484553225663
663,000095_5_east asian.jpg,East Asian,0,0.479,[0.009 0.    0.042 0.003 0.454 0.479 0.013],[0.735 0.265],0.6282863131265501,0.6282863131265501
664,000095_6_white.jpg,White,0,0.988,[0.    0.    0.001 0.011 0.    0.    0.988],[0.981 0.019],0.6233399911498869,0.6233399911498869
665,000096_0_black.jpg,Black,1,0.992,[0.992 0.003 0.002 0.    0.002 0.    0.   ],[0.007 0.993],0.5210495296006017,0.5210495296006017
666,000096_1_indian.jpg,Indian,1,0.995,[0.001 0.995 0.003 0.    0.001 0.    0.   ],[0.056 0.944],0.6373728047907559,0.6373728047907559
667,000096_2_latino.jpg,Indian,1,0.407,[0.012 0.52  0.407 0.008 0.014 0.003 0.036],[0.002 0.998],0.5281125181876505,0.5281125181876505
668,000096_3_middle eastern.jpg,Latino,1,0.101,[0.001 0.3   0.366 0.101 0.003 0.002 0.228],[0.003 0.997],0.4605259224407443,0.4605259224407443
669,000096_4_southeast asian.jpg,Southeast Asian,1,0.798,[0.    0.001 0.003 0.    0.798 0.197 0.   ],[0.01 0.99],0.4897066812299493,0.4897066812299493
670,000096_5_east asian.jpg,East Asian,1,0.577,[0.001 0.    0.002 0.    0.419 0.577 0.001],[0.008 0.992],0.4741124873571154,0.4741124873571154
671,000096_6_white.jpg,White,1,0.686,[0.003 0.032 0.241 0.032 0.004 0.003 0.686],[0.003 0.997],0.5289719924024316,0.5289719924024316
672,000097_0_black.jpg,Black,1,0.957,[0.957 0.029 0.011 0.001 0.001 0.    0.002],[0.006 0.994],0.4669650619904528,0.4669650619904528
673,000097_1_indian.jpg,Indian,1,0.965,[0.001 0.965 0.023 0.007 0.001 0.    0.004],[0.021 0.979],0.7102777940434171,0.7102777940434171
674,000097_2_latino.jpg,Indian,1,0.254,[0.    0.434 0.254 0.061 0.015 0.004 0.232],[0.004 0.996],0.5841773776868893,0.5841773776868893
675,000097_3_middle eastern.jpg,White,1,0.117,[0.    0.084 0.1   0.117 0.003 0.001 0.695],[0.009 0.991],0.489271062846407,0.489271062846407
676,000097_4_southeast asian.jpg,Indian,1,0.343,[0.    0.557 0.081 0.001 0.343 0.012 0.006],[0.03 0.97],0.4197172421419934,0.4197172421419934
677,000097_5_east asian.jpg,Southeast Asian,1,0.482,[0.    0.006 0.008 0.    0.498 0.482 0.006],[0.004 0.996],0.5025723765071586,0.5025723765071586
678,000097_6_white.jpg,White,1,0.84,[0.    0.043 0.048 0.066 0.002 0.001 0.84 ],[0.005 0.995],0.3828555768612478,0.3828555768612478
679,000098_0_black.jpg,Black,1,0.937,[0.937 0.005 0.047 0.002 0.002 0.001 0.006],[0.001 0.999],0.9944653207936572,0.9944653207936572
680,000098_1_indian.jpg,Indian,1,0.904,[0.    0.904 0.052 0.036 0.001 0.    0.006],[0.013 0.987],0.9913048502335572,0.9913048502335572
681,000098_2_latino.jpg,Latino,1,0.411,[0.005 0.222 0.411 0.176 0.012 0.006 0.167],[0.002 0.998],0.9861116709430536,0.9861116709430536
682,000098_3_middle eastern.jpg,White,1,0.277,[0.002 0.071 0.204 0.277 0.004 0.003 0.44 ],[0.002 0.998],0.9947898296694442,0.9947898296694442
683,000098_4_southeast asian.jpg,Southeast Asian,1,0.471,[0.    0.023 0.072 0.007 0.471 0.409 0.017],[0.007 0.993],0.9802172454730512,0.9802172454730512
684,000098_5_east asian.jpg,East Asian,1,0.857,[0.    0.001 0.003 0.001 0.136 0.857 0.003],[0.002 0.998],0.9790061394531886,0.9790061394531886
685,000098_6_white.jpg,Black,1,0.127,[0.374 0.057 0.37  0.069 0.003 0.002 0.127],[0.002 0.998],0.9882134311947974,0.9882134311947974
686,000099_0_black.jpg,Latino,1,0.321,[0.321 0.01  0.563 0.006 0.018 0.007 0.076],[0. 1.],0.8606830731067552,0.8606830731067552
687,000099_1_indian.jpg,Middle Eastern,1,0.029,[0.    0.029 0.07  0.811 0.    0.    0.089],[0. 1.],0.8300715914839623,0.8300715914839623
688,000099_2_latino.jpg,White,1,0.387,[0.001 0.005 0.387 0.102 0.006 0.005 0.495],[0. 1.],0.9063145276952392,0.9063145276952392
689,000099_3_middle eastern.jpg,White,1,0.289,[0.    0.003 0.135 0.289 0.    0.    0.573],[0. 1.],0.8549612313716817,0.8549612313716817
690,000099_4_southeast asian.jpg,East Asian,1,0.147,[0.    0.    0.002 0.    0.147 0.849 0.001],[0. 1.],0.8639049475256919,0.8639049475256919
691,000099_5_east asian.jpg,East Asian,1,0.952,[0.    0.    0.    0.    0.047 0.952 0.001],[0. 1.],0.8701150280450982,0.8701150280450982
692,000099_6_white.jpg,White,1,0.978,[0.    0.    0.003 0.019 0.    0.    0.978],[0. 1.],0.8942896479182767,0.8942896479182767
